Date,Close,Date,Close,Date,Close,Date,Close,Date,Close,Date,Close,Date,Close,Date,Close,Date,Close,Date,Close,Date,Close,Date,Close,Date,Close,Ticker
9/1/2020,97.39,9/1/2020,14.72,9/1/2020,117.66,9/1/2020,37.78,9/1/2020,155.35,9/1/2020,29.44,9/1/2020,68.86,11/30/2020,9.9,9/1/2020,110.15,9/1/2020,39.17,9/1/2020,9,9/1/2020,6.1,9/1/2020,32.54,ALB
9/2/2020,99.65,9/2/2020,14.95,9/2/2020,121.16,9/2/2020,38.41,9/2/2020,160.99,9/2/2020,30.13,9/2/2020,70.74,12/1/2020,9.85,9/2/2020,112.26,9/2/2020,40.17,9/2/2020,9.26,9/2/2020,6.2,9/2/2020,33.27,AVD
9/3/2020,93.18,9/3/2020,14.52,9/3/2020,119.08,9/3/2020,37.47,9/3/2020,155.69,9/3/2020,29.41,9/3/2020,66.9,12/2/2020,9.9,9/3/2020,109.43,9/3/2020,39.64,9/3/2020,8.67,9/3/2020,6.19,9/3/2020,31.64,AVY
9/4/2020,94.72,9/4/2020,14.47,9/4/2020,119.08,9/4/2020,38.51,9/4/2020,152.8,9/4/2020,29.32,9/4/2020,66.54,12/3/2020,9.9,9/4/2020,108.48,9/4/2020,40.08,9/4/2020,8.65,9/4/2020,6.06,9/4/2020,31.71,CBT
9/8/2020,93.14,9/8/2020,14.03,9/8/2020,114.06,9/8/2020,37.28,9/8/2020,142.58,9/8/2020,28.3,9/8/2020,62.51,12/4/2020,10,9/8/2020,105.64,9/8/2020,38.14,9/8/2020,8.38,9/8/2020,6.01,9/8/2020,31.3,CCMP
9/9/2020,95.42,9/9/2020,14.08,9/9/2020,116.35,9/9/2020,38.41,9/9/2020,144.9,9/9/2020,28.74,9/9/2020,64.8,12/7/2020,10.03,9/9/2020,107.91,9/9/2020,37.8,9/9/2020,8.63,9/9/2020,6.4,9/9/2020,31.88,CTVA
9/10/2020,93.5,9/10/2020,14.17,9/10/2020,116.04,9/10/2020,37.91,9/10/2020,144.43,9/10/2020,29.14,9/10/2020,64.99,12/8/2020,9.93,9/10/2020,107.76,9/10/2020,37.37,9/10/2020,8.46,9/10/2020,6.6,9/10/2020,30.77,ENTG
9/11/2020,94.96,9/11/2020,14.13,9/11/2020,119.79,9/11/2020,37.86,9/11/2020,142.07,9/11/2020,29.02,9/11/2020,65.39,12/9/2020,10.03,9/11/2020,108.56,9/11/2020,38.64,9/11/2020,8.69,9/11/2020,7.05,9/11/2020,31.12,GWH
9/14/2020,98.17,9/14/2020,14.31,9/14/2020,121.81,9/14/2020,38.47,9/14/2020,146.16,9/14/2020,28.97,9/14/2020,67.65,12/10/2020,10.02,9/14/2020,110.53,9/14/2020,39.7,9/14/2020,8.99,9/14/2020,7.26,9/14/2020,32.62,FMC
9/15/2020,98.39,9/15/2020,14.85,9/15/2020,128.02,9/15/2020,38.34,9/15/2020,147.07,9/15/2020,29.45,9/15/2020,68.98,12/11/2020,10.05,9/15/2020,111.8,9/15/2020,38.69,9/15/2020,9.36,9/15/2020,7.61,9/15/2020,33.01,HXL
9/16/2020,97.8,9/16/2020,14.64,9/16/2020,128.33,9/16/2020,38.75,9/16/2020,147.79,9/16/2020,29.23,9/16/2020,68.09,12/14/2020,10.19,9/16/2020,110.67,9/16/2020,40.33,9/16/2020,9,9/16/2020,8.3,9/16/2020,33.15,LTHM
9/17/2020,100.45,9/17/2020,14.48,9/17/2020,128.69,9/17/2020,40.11,9/17/2020,146.5,9/17/2020,29.58,9/17/2020,68.11,12/15/2020,10.13,9/17/2020,112.85,9/17/2020,39.46,9/17/2020,8.97,9/17/2020,11,9/17/2020,33.58,PLL
9/18/2020,97.96,9/18/2020,14.08,9/18/2020,125.48,9/18/2020,39.49,9/18/2020,140.46,9/18/2020,28.99,9/18/2020,66.56,12/16/2020,10.2,9/18/2020,110.56,9/18/2020,37.49,9/18/2020,9.05,9/28/2020,37,9/18/2020,33.63,SQM
9/21/2020,95.13,9/21/2020,13.58,9/21/2020,121.2,9/21/2020,35.76,9/21/2020,135.21,9/21/2020,28.22,9/21/2020,66.6,12/17/2020,10.3,9/21/2020,106.45,9/21/2020,34.52,9/21/2020,8.38,9/29/2020,25.38,9/21/2020,32.14,
9/22/2020,95.24,9/22/2020,13.49,9/22/2020,122.01,9/22/2020,35.96,9/22/2020,138.83,9/22/2020,28.09,9/22/2020,67.07,12/18/2020,10.27,9/22/2020,107.55,9/22/2020,34.47,9/22/2020,8.32,9/30/2020,23.42,9/22/2020,32.1,
9/23/2020,80.42,9/23/2020,12.85,9/23/2020,118.71,9/23/2020,35.51,9/23/2020,135.07,9/23/2020,27.46,9/23/2020,66.91,12/21/2020,10.29,9/23/2020,104.51,9/23/2020,32.61,9/23/2020,7.57,10/1/2020,25.31,9/23/2020,28.3,
9/24/2020,83.31,9/24/2020,12.96,9/24/2020,117.36,9/24/2020,35.37,9/24/2020,137.08,9/24/2020,27.63,9/24/2020,68.2,12/22/2020,10.31,9/24/2020,104.05,9/24/2020,32.57,9/24/2020,7.7,10/2/2020,26.11,9/24/2020,28.79,
9/25/2020,84.52,9/25/2020,12.86,9/25/2020,119.3,9/25/2020,35.23,9/25/2020,137.68,9/25/2020,28.38,9/25/2020,69.22,12/23/2020,10.41,9/25/2020,105.42,9/25/2020,33.4,9/25/2020,7.88,10/5/2020,34.66,9/25/2020,29.43,
9/28/2020,84.84,9/28/2020,13.35,9/28/2020,123.01,9/28/2020,36.4,9/28/2020,142.44,9/28/2020,28.97,9/28/2020,71.4,12/24/2020,10.45,9/28/2020,106.32,9/28/2020,34.35,9/28/2020,8.42,10/6/2020,42,9/28/2020,30.19,
9/29/2020,86.86,9/29/2020,13.44,9/29/2020,124.59,9/29/2020,36.04,9/29/2020,142.49,9/29/2020,28.59,9/29/2020,73.2,12/28/2020,10.46,9/29/2020,105.31,9/29/2020,33.5,9/29/2020,9.09,10/7/2020,42.84,9/29/2020,30.63,
9/30/2020,89.28,9/30/2020,13.14,9/30/2020,127.84,9/30/2020,36.03,9/30/2020,142.81,9/30/2020,28.81,9/30/2020,74.34,12/29/2020,10.37,9/30/2020,105.91,9/30/2020,33.55,9/30/2020,8.97,10/8/2020,38.85,9/30/2020,31.67,
10/1/2020,86.73,10/1/2020,13.13,10/1/2020,124.65,10/1/2020,36.29,10/1/2020,145.99,10/1/2020,28.68,10/1/2020,76.65,12/30/2020,10.26,10/1/2020,103.19,10/1/2020,35.3,10/1/2020,9.03,10/9/2020,39.11,10/1/2020,30.84,
10/2/2020,89.29,10/2/2020,13.22,10/2/2020,124.33,10/2/2020,37.92,10/2/2020,142.43,10/2/2020,29.37,10/2/2020,75.92,12/31/2020,10.08,10/2/2020,103.61,10/2/2020,37.15,10/2/2020,9.56,10/12/2020,34.4,10/2/2020,31.76,
10/5/2020,94.76,10/5/2020,14.02,10/5/2020,128.22,10/5/2020,39.69,10/5/2020,147.91,10/5/2020,30.11,10/5/2020,78.9,1/4/2021,10.1,10/5/2020,105.33,10/5/2020,37.46,10/5/2020,11.29,10/13/2020,32,10/5/2020,34.64,
10/6/2020,93.74,10/6/2020,13.81,10/6/2020,126.34,10/6/2020,39.57,10/6/2020,147.64,10/6/2020,30.09,10/6/2020,80.09,1/5/2021,10.22,10/6/2020,103.82,10/6/2020,36.91,10/6/2020,11.42,10/14/2020,33.71,10/6/2020,33.76,
10/7/2020,96.69,10/7/2020,14,10/7/2020,129.56,10/7/2020,40.96,10/7/2020,152.71,10/7/2020,30.53,10/7/2020,81.76,1/6/2021,10.24,10/7/2020,106.28,10/7/2020,37.63,10/7/2020,11.97,10/15/2020,32.8,10/7/2020,34.6,
10/8/2020,96.95,10/8/2020,14.62,10/8/2020,132.06,10/8/2020,40.8,10/8/2020,155.46,10/8/2020,32.33,10/8/2020,82.15,1/7/2021,10.34,10/8/2020,106.06,10/8/2020,38.19,10/8/2020,11.72,10/16/2020,30.14,10/8/2020,34.61,
10/9/2020,96.03,10/9/2020,14.84,10/9/2020,130.5,10/9/2020,40.68,10/9/2020,156.55,10/9/2020,33.43,10/9/2020,82.75,1/8/2021,10.31,10/9/2020,108.02,10/9/2020,37.02,10/9/2020,11.43,10/19/2020,29.2,10/9/2020,34.72,
10/12/2020,94.94,10/12/2020,15.14,10/12/2020,129.31,10/12/2020,41.02,10/12/2020,159.22,10/12/2020,33.59,10/12/2020,83.61,1/11/2021,10.42,10/12/2020,109.03,10/12/2020,37.45,10/12/2020,11.07,10/22/2020,27.01,10/12/2020,34.56,
10/13/2020,95.14,10/13/2020,14.54,10/13/2020,129.44,10/13/2020,40.53,10/13/2020,157.8,10/13/2020,33.7,10/13/2020,83.91,1/12/2021,10.51,10/13/2020,108.48,10/13/2020,35.79,10/13/2020,11.01,10/23/2020,25.78,10/13/2020,33.88,
10/14/2020,94.59,10/14/2020,14.49,10/14/2020,131.18,10/14/2020,40.7,10/14/2020,156.1,10/14/2020,33.82,10/14/2020,82.43,1/13/2021,10.65,10/14/2020,109.43,10/14/2020,35.7,10/14/2020,11,10/26/2020,24.29,10/14/2020,33.73,
10/15/2020,94.35,10/15/2020,14.27,10/15/2020,132.86,10/15/2020,40.9,10/15/2020,158.25,10/15/2020,33.99,10/15/2020,82.02,1/14/2021,10.6,10/15/2020,109.07,10/15/2020,36.42,10/15/2020,10.97,10/27/2020,23.3,10/15/2020,33.51,
10/16/2020,93.42,10/16/2020,14.64,10/16/2020,134.02,10/16/2020,41.09,10/16/2020,155.41,10/16/2020,34.08,10/16/2020,81.41,1/15/2021,10.63,10/16/2020,108.91,10/16/2020,35.53,10/16/2020,10.21,10/28/2020,21.2,10/16/2020,33.8,
10/19/2020,92.57,10/19/2020,14.5,10/19/2020,133.74,10/19/2020,40.88,10/19/2020,154.15,10/19/2020,33.52,10/19/2020,81.02,1/19/2021,10.51,10/19/2020,107.87,10/19/2020,36.35,10/19/2020,10.15,10/29/2020,21.63,10/19/2020,33.85,
10/20/2020,93.56,10/20/2020,14.25,10/20/2020,134.34,10/20/2020,40.98,10/20/2020,153.37,10/20/2020,33.07,10/20/2020,80.62,1/20/2021,10.65,10/20/2020,107.16,10/20/2020,34.1,10/20/2020,10.39,10/30/2020,19.94,10/20/2020,34.19,
10/21/2020,95.87,10/21/2020,14.2,10/21/2020,142.56,10/21/2020,40.39,10/21/2020,151.16,10/21/2020,32.9,10/21/2020,79.9,1/21/2021,10.61,10/21/2020,106.74,10/21/2020,32.02,10/21/2020,10.97,11/2/2020,20.97,10/21/2020,35.8,
10/22/2020,94.96,10/22/2020,14.52,10/22/2020,140.87,10/22/2020,40.72,10/22/2020,153.08,10/22/2020,33.13,10/22/2020,78.63,1/22/2021,10.68,10/22/2020,107.49,10/22/2020,33.49,10/22/2020,10.6,11/3/2020,23.88,10/22/2020,36.31,
10/23/2020,96.48,10/23/2020,14.3,10/23/2020,141.74,10/23/2020,41.1,10/23/2020,152.1,10/23/2020,33.17,10/23/2020,78.35,1/25/2021,10.9,10/23/2020,107.78,10/23/2020,35.5,10/23/2020,10.79,11/4/2020,22.45,10/23/2020,36.42,
10/26/2020,94.48,10/26/2020,14.03,10/26/2020,139.25,10/26/2020,39.62,10/26/2020,146.46,10/26/2020,32.71,10/26/2020,77.23,1/26/2021,10.49,10/26/2020,105.36,10/26/2020,33.25,10/26/2020,10.62,11/5/2020,24.3,10/26/2020,35.59,
10/27/2020,95.18,10/27/2020,13.7,10/27/2020,138.15,10/27/2020,38.63,10/27/2020,142.57,10/27/2020,32.34,10/27/2020,76.71,1/27/2021,10.27,10/27/2020,104.44,10/27/2020,32.79,10/27/2020,10.57,11/6/2020,22.51,10/27/2020,36.46,
10/28/2020,90.78,10/28/2020,13.3,10/28/2020,135.15,10/28/2020,37.14,10/28/2020,139.31,10/28/2020,31.86,10/28/2020,74.72,1/28/2021,10.3,10/28/2020,102.3,10/28/2020,31.71,10/28/2020,10.03,11/9/2020,22.81,10/28/2020,34.93,
10/29/2020,93.77,10/29/2020,13.5,10/29/2020,139.81,10/29/2020,37.96,10/29/2020,143.33,10/29/2020,32.5,10/29/2020,75.87,1/29/2021,10.35,10/29/2020,103.63,10/29/2020,32.84,10/29/2020,10.9,11/10/2020,23.78,10/29/2020,36.23,
10/30/2020,93.21,10/30/2020,12.92,10/30/2020,138.39,10/30/2020,38.01,10/30/2020,142.19,10/30/2020,32.98,10/30/2020,74.77,2/1/2021,10.55,10/30/2020,102.74,10/30/2020,33.48,10/30/2020,10.75,11/11/2020,24.44,10/30/2020,36.16,
11/2/2020,96.84,11/2/2020,12.9,11/2/2020,141.7,11/2/2020,39.57,11/2/2020,146.51,11/2/2020,33.48,11/2/2020,77.05,2/2/2021,10.68,11/2/2020,106.95,11/2/2020,34.93,11/2/2020,11.32,11/12/2020,26.4,11/2/2020,37.04,
11/3/2020,97.62,11/3/2020,13.43,11/3/2020,145.21,11/3/2020,40.76,11/3/2020,152.89,11/3/2020,32.93,11/3/2020,80.06,2/3/2021,10.73,11/3/2020,104.65,11/3/2020,35.34,11/3/2020,11.58,11/13/2020,26.72,11/3/2020,37.12,
11/4/2020,93.43,11/4/2020,12.91,11/4/2020,143.38,11/4/2020,38.66,11/4/2020,157.22,11/4/2020,32.78,11/4/2020,82.93,2/4/2021,10.74,11/4/2020,104.87,11/4/2020,33.89,11/4/2020,11.16,11/16/2020,29.71,11/4/2020,36.34,
11/5/2020,105.5,11/5/2020,13.38,11/5/2020,147.04,11/5/2020,41.34,11/5/2020,160.93,11/5/2020,33.94,11/5/2020,84.58,2/5/2021,10.79,11/5/2020,109.14,11/5/2020,35.57,11/5/2020,11.85,11/17/2020,28.01,11/5/2020,40.04,
11/6/2020,112.22,11/6/2020,13.35,11/6/2020,148.26,11/6/2020,41.22,11/6/2020,160.11,11/6/2020,33.7,11/6/2020,87.37,2/8/2021,10.74,11/6/2020,108.66,11/6/2020,35.33,11/6/2020,13.65,11/18/2020,25.96,11/6/2020,40.24,
11/9/2020,116.73,11/9/2020,14.15,11/9/2020,152.35,11/9/2020,42.9,11/9/2020,168.4,11/9/2020,34.64,11/9/2020,88.02,2/9/2021,10.9,11/9/2020,109.84,11/9/2020,40.78,11/9/2020,13.59,11/19/2020,27.06,11/9/2020,40.87,
11/10/2020,117.93,11/10/2020,14.58,11/10/2020,150.7,11/10/2020,43.18,11/10/2020,168.75,11/10/2020,36.23,11/10/2020,86,2/10/2021,10.93,11/10/2020,109.35,11/10/2020,41.97,11/10/2020,13.05,11/20/2020,26.34,11/10/2020,41.21,
11/11/2020,118.57,11/11/2020,14.28,11/11/2020,151.78,11/11/2020,41.56,11/11/2020,169.04,11/11/2020,36.63,11/11/2020,87.6,2/11/2021,10.76,11/11/2020,108.81,11/11/2020,42.11,11/11/2020,13.1,11/23/2020,29,11/11/2020,41.1,
11/12/2020,118.64,11/12/2020,13.98,11/12/2020,147.62,11/12/2020,39.88,11/12/2020,143.07,11/12/2020,35.06,11/12/2020,85.04,2/12/2021,10.72,11/12/2020,106.81,11/12/2020,42.08,11/12/2020,13.18,11/24/2020,28.37,11/12/2020,41.18,
11/13/2020,122.48,11/13/2020,14.46,11/13/2020,149.58,11/13/2020,40.97,11/13/2020,135,11/13/2020,36.01,11/13/2020,85.32,2/16/2021,10.8,11/13/2020,108.6,11/13/2020,45.5,11/13/2020,14.29,11/25/2020,28.69,11/13/2020,42.61,
11/16/2020,128.92,11/16/2020,14.83,11/16/2020,152.6,11/16/2020,42.27,11/16/2020,136,11/16/2020,37.43,11/16/2020,87.76,2/17/2021,10.71,11/16/2020,111.99,11/16/2020,49.58,11/16/2020,15.25,11/27/2020,29.3,11/16/2020,44.54,
11/17/2020,127.95,11/17/2020,14.85,11/17/2020,149.44,11/17/2020,42.08,11/17/2020,138.99,11/17/2020,37.02,11/17/2020,88.21,2/18/2021,10.73,11/17/2020,115.69,11/17/2020,51.86,11/17/2020,15.26,11/30/2020,27.94,11/17/2020,44.34,
11/18/2020,126.54,11/18/2020,14.68,11/18/2020,147.43,11/18/2020,41.52,11/18/2020,141.76,11/18/2020,36.69,11/18/2020,88.76,2/19/2021,10.81,11/18/2020,115.27,11/18/2020,50.08,11/18/2020,14.5,12/1/2020,25.88,11/18/2020,44.29,
11/19/2020,125.8,11/19/2020,14.81,11/19/2020,147.03,11/19/2020,41.69,11/19/2020,145.49,11/19/2020,36.96,11/19/2020,89.97,2/22/2021,10.71,11/19/2020,115.32,11/19/2020,49.7,11/19/2020,15,12/2/2020,25.75,11/19/2020,43.62,
11/20/2020,127.89,11/20/2020,14.87,11/20/2020,147.5,11/20/2020,41.83,11/20/2020,145.04,11/20/2020,37.16,11/20/2020,89.22,2/23/2021,10.59,11/20/2020,113.75,11/20/2020,48.36,11/20/2020,15.57,12/3/2020,26.68,11/20/2020,44.06,
11/23/2020,134.06,11/23/2020,14.98,11/23/2020,147.48,11/23/2020,44.11,11/23/2020,150.05,11/23/2020,37.79,11/23/2020,90.01,2/24/2021,10.62,11/23/2020,116.06,11/23/2020,51.66,11/23/2020,16.18,12/4/2020,25.39,11/23/2020,46.22,
11/24/2020,137.26,11/24/2020,15.7,11/24/2020,153.06,11/24/2020,44.85,11/24/2020,154.44,11/24/2020,38.9,11/24/2020,89.98,2/25/2021,10.4,11/24/2020,118.24,11/24/2020,52.76,11/24/2020,15.43,12/7/2020,26.88,11/24/2020,46.99,
11/25/2020,134.73,11/25/2020,15.52,11/25/2020,151.56,11/25/2020,43.59,11/25/2020,151.44,11/25/2020,38.58,11/25/2020,88.96,2/26/2021,10.4,11/25/2020,116.68,11/25/2020,51.95,11/25/2020,15.74,12/8/2020,27.25,11/25/2020,47.23,
11/27/2020,137.66,11/27/2020,15.6,11/27/2020,150.3,11/27/2020,43.61,11/27/2020,152.47,11/27/2020,38.41,11/27/2020,90.28,3/1/2021,10.37,11/27/2020,115.67,11/27/2020,51.9,11/27/2020,16.19,12/9/2020,25.94,11/27/2020,47.04,
11/30/2020,135.97,11/30/2020,15.16,11/30/2020,149.34,11/30/2020,41.41,11/30/2020,154.28,11/30/2020,38.32,11/30/2020,92.62,3/2/2021,10.29,11/30/2020,116.01,11/30/2020,49.52,11/30/2020,15.17,12/10/2020,25.7,11/30/2020,45.98,
12/1/2020,135.88,12/1/2020,15.36,12/1/2020,151.75,12/1/2020,41.51,12/1/2020,151.92,12/1/2020,38.31,12/1/2020,94,3/3/2021,10.1,12/1/2020,118.93,12/1/2020,50.79,12/1/2020,15.5,12/11/2020,26,12/1/2020,45.7,
12/2/2020,135.25,12/2/2020,15.41,12/2/2020,150.84,12/2/2020,41.68,12/2/2020,149.74,12/2/2020,38.27,12/2/2020,93.19,3/4/2021,10,12/2/2020,118.16,12/2/2020,53.24,12/2/2020,15.33,12/14/2020,24.85,12/2/2020,44.85,
12/3/2020,131.72,12/3/2020,15.28,12/3/2020,149.87,12/3/2020,41.41,12/3/2020,145.58,12/3/2020,38.21,12/3/2020,93.39,3/5/2021,10,12/3/2020,118.38,12/3/2020,56,12/3/2020,14.48,12/15/2020,25.51,12/3/2020,44.05,
12/4/2020,139.22,12/4/2020,15.67,12/4/2020,154.04,12/4/2020,43.02,12/4/2020,152.29,12/4/2020,38.65,12/4/2020,96.22,3/8/2021,9.95,12/4/2020,121.69,12/4/2020,55.95,12/4/2020,15.15,12/16/2020,26.2,12/4/2020,46.22,
12/7/2020,140,12/7/2020,15.62,12/7/2020,154.18,12/7/2020,42.24,12/7/2020,154.13,12/7/2020,37.94,12/7/2020,97.67,3/9/2021,9.97,12/7/2020,118.83,12/7/2020,54.56,12/7/2020,15.73,12/17/2020,26.85,12/7/2020,46.06,
12/8/2020,143.95,12/8/2020,15.87,12/8/2020,155.31,12/8/2020,42.01,12/8/2020,154.72,12/8/2020,38.42,12/8/2020,99.03,3/10/2021,10,12/8/2020,119.78,12/8/2020,53.89,12/8/2020,17.18,12/18/2020,28.06,12/8/2020,46.72,
12/9/2020,142.55,12/9/2020,16.26,12/9/2020,153.9,12/9/2020,41.72,12/9/2020,148.51,12/9/2020,39.01,12/9/2020,92.47,3/11/2021,9.98,12/9/2020,118.93,12/9/2020,53.63,12/9/2020,16.16,12/21/2020,27.85,12/9/2020,45.89,
12/10/2020,141.43,12/10/2020,16.33,12/10/2020,150.8,12/10/2020,41.73,12/10/2020,146.65,12/10/2020,38.74,12/10/2020,93.1,3/12/2021,10.05,12/10/2020,117.66,12/10/2020,54,12/10/2020,17.35,12/22/2020,31.15,12/10/2020,46.01,
12/11/2020,138.65,12/11/2020,16.36,12/11/2020,150.01,12/11/2020,41.77,12/11/2020,144.66,12/11/2020,38.39,12/11/2020,94.19,3/15/2021,9.97,12/11/2020,116.43,12/11/2020,51.79,12/11/2020,16.41,12/23/2020,29.4,12/11/2020,45.13,
12/14/2020,134.57,12/14/2020,16.29,12/14/2020,148.77,12/14/2020,40.95,12/14/2020,145.86,12/14/2020,38.76,12/14/2020,95.34,3/16/2021,10.01,12/14/2020,114.52,12/14/2020,49.89,12/14/2020,16.11,12/24/2020,28.48,12/14/2020,44.66,
12/15/2020,137.94,12/15/2020,16.19,12/15/2020,150.98,12/15/2020,41.57,12/15/2020,149.04,12/15/2020,39.22,12/15/2020,97.63,3/17/2021,10,12/15/2020,114.99,12/15/2020,50.69,12/15/2020,16.73,12/28/2020,28.07,12/15/2020,45.67,
12/16/2020,135.78,12/16/2020,15.69,12/16/2020,150.65,12/16/2020,42.42,12/16/2020,145.98,12/16/2020,39.08,12/16/2020,95.01,3/18/2021,9.96,12/16/2020,114.37,12/16/2020,49.01,12/16/2020,16.89,12/29/2020,27.06,12/16/2020,45.72,
12/17/2020,137.48,12/17/2020,15.78,12/17/2020,152.23,12/17/2020,43.45,12/17/2020,145.44,12/17/2020,39.68,12/17/2020,96.29,3/19/2021,9.9,12/17/2020,115.62,12/17/2020,48.11,12/17/2020,16.79,12/30/2020,27.49,12/17/2020,46.5,
12/18/2020,138.9,12/18/2020,15.3,12/18/2020,152.96,12/18/2020,44.28,12/18/2020,146.74,12/18/2020,39.41,12/18/2020,95.78,3/22/2021,9.94,12/18/2020,115.65,12/18/2020,48.64,12/18/2020,16.84,12/31/2020,26.55,12/18/2020,46.16,
12/21/2020,142.02,12/21/2020,15,12/21/2020,152.08,12/21/2020,44.16,12/21/2020,140.2,12/21/2020,39.55,12/21/2020,97.9,3/23/2021,9.86,12/21/2020,115.32,12/21/2020,47.77,12/21/2020,17.9,1/4/2021,28.65,12/21/2020,46.58,
12/22/2020,146.27,12/22/2020,15.42,12/22/2020,151.76,12/22/2020,43.82,12/22/2020,140.79,12/22/2020,38.98,12/22/2020,97.6,3/24/2021,9.75,12/22/2020,113.67,12/22/2020,47.32,12/22/2020,19.2,1/5/2021,32.25,12/22/2020,48.59,
12/23/2020,149.91,12/23/2020,15.6,12/23/2020,152.71,12/23/2020,44.39,12/23/2020,140.21,12/23/2020,39.18,12/23/2020,95.77,3/25/2021,9.73,12/23/2020,113.84,12/23/2020,48.78,12/23/2020,19.19,1/6/2021,30.05,12/23/2020,48.37,
12/24/2020,149.64,12/24/2020,15.57,12/24/2020,153.4,12/24/2020,44.32,12/24/2020,143.83,12/24/2020,39.5,12/24/2020,96.26,3/26/2021,9.88,12/24/2020,114.43,12/24/2020,48.79,12/24/2020,18.77,1/7/2021,34.97,12/24/2020,46.78,
12/28/2020,149.72,12/28/2020,15.59,12/28/2020,153.94,12/28/2020,44.46,12/28/2020,145.32,12/28/2020,38.35,12/28/2020,94.58,3/29/2021,9.88,12/28/2020,112.65,12/28/2020,48,12/28/2020,18.27,1/8/2021,33.88,12/28/2020,48.07,
12/29/2020,146.22,12/29/2020,15.45,12/29/2020,152.22,12/29/2020,43.83,12/29/2020,144.3,12/29/2020,37.94,12/29/2020,94.37,3/30/2021,9.89,12/29/2020,112.65,12/29/2020,47.66,12/29/2020,17.78,1/11/2021,33.39,12/29/2020,47.16,
12/30/2020,149.29,12/30/2020,15.63,12/30/2020,154.19,12/30/2020,44.78,12/30/2020,151.5,12/30/2020,38.44,12/30/2020,96.37,3/31/2021,9.81,12/30/2020,114.08,12/30/2020,48.73,12/30/2020,18.62,1/12/2021,34.76,12/30/2020,48.08,
12/31/2020,147.52,12/31/2020,15.52,12/31/2020,155.11,12/31/2020,44.88,12/31/2020,151.3,12/31/2020,38.72,12/31/2020,96.1,4/1/2021,9.8,12/31/2020,114.93,12/31/2020,48.49,12/31/2020,18.84,1/13/2021,35.99,12/31/2020,47.96,
1/4/2021,152.63,1/4/2021,15.86,1/4/2021,151.9,1/4/2021,44.4,1/4/2021,146.01,1/4/2021,38.35,1/4/2021,95.2,4/5/2021,9.85,1/4/2021,113.12,1/4/2021,46.58,1/4/2021,18.78,1/14/2021,40,1/4/2021,49.92,
1/5/2021,162.93,1/5/2021,16.35,1/5/2021,152.23,1/5/2021,45.79,1/5/2021,146.31,1/5/2021,38.82,1/5/2021,96.92,4/6/2021,9.86,1/5/2021,116.01,1/5/2021,49.17,1/5/2021,20.29,1/15/2021,40.91,1/5/2021,53.74,
1/6/2021,175.1,1/6/2021,17.21,1/6/2021,158.05,1/6/2021,48.12,1/6/2021,148.09,1/6/2021,41.07,1/6/2021,96.01,4/7/2021,9.9,1/6/2021,120.09,1/6/2021,50.95,1/6/2021,20.8,1/19/2021,46.13,1/6/2021,56.07,
1/7/2021,184,1/7/2021,17.27,1/7/2021,162.98,1/7/2021,48.21,1/7/2021,154.84,1/7/2021,41.8,1/7/2021,99.46,4/8/2021,9.99,1/7/2021,121.88,1/7/2021,50.92,1/7/2021,22.1,1/20/2021,43.9,1/7/2021,58.08,
1/8/2021,184.1,1/8/2021,16.75,1/8/2021,156.75,1/8/2021,48.14,1/8/2021,158.28,1/8/2021,43.25,1/8/2021,99.53,4/9/2021,9.97,1/8/2021,121.08,1/8/2021,48.63,1/8/2021,21.66,1/21/2021,49.69,1/8/2021,55.78,
1/11/2021,177.29,1/11/2021,16.52,1/11/2021,161.34,1/11/2021,48.52,1/11/2021,158.18,1/11/2021,43.62,1/11/2021,101.5,4/12/2021,9.91,1/11/2021,119.37,1/11/2021,48.27,1/11/2021,21,1/22/2021,48.14,1/11/2021,56.01,
1/12/2021,182.5,1/12/2021,17.12,1/12/2021,163.43,1/12/2021,49.67,1/12/2021,166.03,1/12/2021,44.58,1/12/2021,103.61,4/13/2021,9.93,1/12/2021,122.25,1/12/2021,48.92,1/12/2021,21.43,1/25/2021,55.25,1/12/2021,58.68,
1/13/2021,179.92,1/13/2021,17.41,1/13/2021,162.93,1/13/2021,48.83,1/13/2021,163.88,1/13/2021,44.13,1/13/2021,104.99,4/14/2021,9.92,1/13/2021,121.92,1/13/2021,48.32,1/13/2021,21.17,1/26/2021,60.56,1/13/2021,57.52,
1/14/2021,182.37,1/14/2021,17.67,1/14/2021,161.78,1/14/2021,48.93,1/14/2021,167.62,1/14/2021,44.21,1/14/2021,108.6,4/15/2021,9.88,1/14/2021,121.72,1/14/2021,49.62,1/14/2021,21.69,1/27/2021,62.32,1/14/2021,56.53,
1/15/2021,180.14,1/15/2021,17.8,1/15/2021,159.33,1/15/2021,47.44,1/15/2021,164.68,1/15/2021,43.75,1/15/2021,107.57,4/16/2021,9.89,1/15/2021,120.05,1/15/2021,48.17,1/15/2021,22.48,1/28/2021,55.28,1/15/2021,55.2,
1/19/2021,185.25,1/19/2021,17.94,1/19/2021,159.77,1/19/2021,47.93,1/19/2021,172.69,1/19/2021,43.53,1/19/2021,109.62,4/19/2021,9.84,1/19/2021,116.57,1/19/2021,49.63,1/19/2021,23.41,1/29/2021,49.68,1/19/2021,56.76,
1/20/2021,180.19,1/20/2021,18.16,1/20/2021,159.38,1/20/2021,47.86,1/20/2021,169.36,1/20/2021,43.66,1/20/2021,108.91,4/20/2021,9.83,1/20/2021,115.47,1/20/2021,50.66,1/20/2021,22.3,2/1/2021,53.87,1/20/2021,56.64,
1/21/2021,176.41,1/21/2021,17.85,1/21/2021,159.77,1/21/2021,47.08,1/21/2021,167.93,1/21/2021,41.65,1/21/2021,113.56,4/21/2021,9.85,1/21/2021,115,1/21/2021,48.56,1/21/2021,21.58,2/2/2021,53.31,1/21/2021,55.86,
1/22/2021,173.71,1/22/2021,18.44,1/22/2021,156.68,1/22/2021,47.1,1/22/2021,167.54,1/22/2021,42.06,1/22/2021,112.33,4/22/2021,9.83,1/22/2021,114.45,1/22/2021,48.34,1/22/2021,21.48,2/3/2021,51.51,1/22/2021,55.45,
1/25/2021,176.92,1/25/2021,18.45,1/25/2021,155.93,1/25/2021,46.02,1/25/2021,165.23,1/25/2021,41.3,1/25/2021,108.6,4/23/2021,9.9,1/25/2021,113.06,1/25/2021,47.06,1/25/2021,21.4,2/4/2021,52.97,1/25/2021,54.84,
1/26/2021,175.38,1/26/2021,17.68,1/26/2021,155.37,1/26/2021,44.99,1/26/2021,161.05,1/26/2021,39.48,1/26/2021,105.84,4/26/2021,9.88,1/26/2021,110.32,1/26/2021,45,1/26/2021,20.49,2/5/2021,50.43,1/26/2021,53.51,
1/27/2021,168.85,1/27/2021,17.11,1/27/2021,148.67,1/27/2021,43.84,1/27/2021,150.52,1/27/2021,38.69,1/27/2021,99.94,4/27/2021,9.84,1/27/2021,107.54,1/27/2021,44.47,1/27/2021,20.18,2/8/2021,57.7,1/27/2021,51.81,
1/28/2021,166.37,1/28/2021,17.02,1/28/2021,154.31,1/28/2021,44.39,1/28/2021,152.52,1/28/2021,40.29,1/28/2021,101.37,4/28/2021,9.83,1/28/2021,109.03,1/28/2021,44.9,1/28/2021,19.61,2/9/2021,59.62,1/28/2021,52.31,
1/29/2021,162.66,1/29/2021,16.55,1/29/2021,150.87,1/29/2021,43.91,1/29/2021,147.31,1/29/2021,39.86,1/29/2021,98.39,4/29/2021,9.88,1/29/2021,108.29,1/29/2021,43.66,1/29/2021,18.22,2/10/2021,58.81,1/29/2021,49.77,
2/1/2021,166.37,2/1/2021,17.02,2/1/2021,153.06,2/1/2021,46.17,2/1/2021,155.92,2/1/2021,40.71,2/1/2021,102.04,4/30/2021,9.88,2/1/2021,109.75,2/1/2021,44.52,2/1/2021,19.38,2/11/2021,53.74,2/1/2021,50.83,
2/2/2021,169.25,2/2/2021,17.31,2/2/2021,155.99,2/2/2021,46.3,2/2/2021,157.35,2/2/2021,41.49,2/2/2021,98.11,5/3/2021,9.83,2/2/2021,111.1,2/2/2021,46.91,2/2/2021,18.99,2/12/2021,56.39,2/2/2021,52.01,
2/3/2021,161.88,2/3/2021,17.11,2/3/2021,166.41,2/3/2021,47.24,2/3/2021,157.16,2/3/2021,41.86,2/3/2021,95.46,5/4/2021,9.88,2/3/2021,110.64,2/3/2021,46.74,2/3/2021,19,2/16/2021,60.51,2/3/2021,51.16,
2/4/2021,154.9,2/4/2021,17.32,2/4/2021,169.76,2/4/2021,46.58,2/4/2021,165.43,2/4/2021,42.66,2/4/2021,95.9,5/5/2021,9.8,2/4/2021,113.97,2/4/2021,47.68,2/4/2021,19.99,2/17/2021,58.37,2/4/2021,49.69,
2/5/2021,157.17,2/5/2021,17.73,2/5/2021,173.09,2/5/2021,47.35,2/5/2021,169.21,2/5/2021,43.9,2/5/2021,94.37,5/6/2021,9.86,2/5/2021,115.18,2/5/2021,47.49,2/5/2021,19.81,2/18/2021,54.62,2/5/2021,51.25,
2/8/2021,161.56,2/8/2021,18.43,2/8/2021,174.89,2/8/2021,48.12,2/8/2021,173.01,2/8/2021,43.61,2/8/2021,96.7,5/7/2021,9.9,2/8/2021,116.65,2/8/2021,50.43,2/8/2021,21.8,2/19/2021,59.4,2/8/2021,53.77,
2/9/2021,158.69,2/9/2021,19.19,2/9/2021,172.54,2/9/2021,48.25,2/9/2021,169.22,2/9/2021,43.43,2/9/2021,96.11,5/10/2021,9.86,2/9/2021,116.36,2/9/2021,51.16,2/9/2021,22.21,2/22/2021,56.58,2/9/2021,52.34,
2/10/2021,156.05,2/10/2021,19.03,2/10/2021,174.63,2/10/2021,48.29,2/10/2021,166.76,2/10/2021,43.04,2/10/2021,95.75,5/11/2021,9.88,2/10/2021,107.9,2/10/2021,50.38,2/10/2021,21.07,2/23/2021,55.7,2/10/2021,52.28,
2/11/2021,159.85,2/11/2021,19.02,2/11/2021,173.36,2/11/2021,48.71,2/11/2021,172.69,2/11/2021,43.54,2/11/2021,99.11,5/12/2021,9.86,2/11/2021,110.26,2/11/2021,52.17,2/11/2021,21.87,2/24/2021,63.4,2/11/2021,53.03,
2/12/2021,164.64,2/12/2021,18.6,2/12/2021,177.23,2/12/2021,49.09,2/12/2021,174.84,2/12/2021,44.37,2/12/2021,103.28,5/13/2021,9.85,2/12/2021,107.68,2/12/2021,51.25,2/12/2021,22.5,2/25/2021,64.06,2/12/2021,55.36,
2/16/2021,162.2,2/16/2021,18.49,2/16/2021,179.11,2/16/2021,49.94,2/16/2021,174.38,2/16/2021,45.28,2/16/2021,107.25,5/14/2021,9.85,2/16/2021,108.72,2/16/2021,52.58,2/16/2021,22.77,2/26/2021,67.17,2/16/2021,56.14,
2/17/2021,157.47,2/17/2021,18.31,2/17/2021,175.48,2/17/2021,49.54,2/17/2021,170.46,2/17/2021,44.98,2/17/2021,103.17,5/17/2021,9.86,2/17/2021,106.75,2/17/2021,51.97,2/17/2021,21.84,3/1/2021,73.73,2/17/2021,54.35,
2/18/2021,141.46,2/18/2021,18.22,2/18/2021,172.57,2/18/2021,48.55,2/18/2021,162.81,2/18/2021,44.2,2/18/2021,102.15,5/18/2021,9.87,2/18/2021,104.82,2/18/2021,50.3,2/18/2021,20.36,3/2/2021,80.78,2/18/2021,51.79,
2/19/2021,156.17,2/19/2021,19.09,2/19/2021,175.41,2/19/2021,49.8,2/19/2021,168.55,2/19/2021,45.47,2/19/2021,105.57,5/19/2021,9.87,2/19/2021,105.25,2/19/2021,52.57,2/19/2021,20.06,3/3/2021,74.31,2/19/2021,54.93,
2/22/2021,156.49,2/22/2021,19.65,2/22/2021,172.31,2/22/2021,50.52,2/22/2021,164.88,2/22/2021,46.68,2/22/2021,104.3,5/20/2021,9.86,2/22/2021,105,2/22/2021,53.42,2/22/2021,20.35,3/4/2021,60.21,2/22/2021,56.67,
2/23/2021,154.62,2/23/2021,19.8,2/23/2021,175.74,2/23/2021,50.37,2/23/2021,166.83,2/23/2021,46.43,2/23/2021,103.99,5/21/2021,9.85,2/23/2021,104.82,2/23/2021,54.31,2/23/2021,18.86,3/5/2021,55.5,2/23/2021,55.43,
2/24/2021,160.9,2/24/2021,20.05,2/24/2021,180.52,2/24/2021,51.58,2/24/2021,178.72,2/24/2021,46.41,2/24/2021,109.08,5/24/2021,9.84,2/24/2021,104.97,2/24/2021,56.91,2/24/2021,20.4,3/8/2021,56.02,2/24/2021,56.62,
2/25/2021,153.48,2/25/2021,19.85,2/25/2021,178.92,2/25/2021,49.8,2/25/2021,166.63,2/25/2021,45.36,2/25/2021,103.71,5/25/2021,9.85,2/25/2021,101.9,2/25/2021,54.19,2/25/2021,18.79,3/9/2021,68.18,2/25/2021,53.57,
2/26/2021,157.21,2/26/2021,19.52,2/26/2021,175.21,2/26/2021,49.23,2/26/2021,170.5,2/26/2021,45.15,2/26/2021,105.21,5/26/2021,9.88,2/26/2021,101.69,2/26/2021,53.76,2/26/2021,18.62,3/10/2021,67.35,2/26/2021,52.36,
3/1/2021,152.95,3/1/2021,20.35,3/1/2021,178.47,3/1/2021,50.71,3/1/2021,177.72,3/1/2021,46.27,3/1/2021,109.65,5/27/2021,9.9,3/1/2021,106.67,3/1/2021,56.51,3/1/2021,19.24,3/11/2021,72.6,3/1/2021,53.57,
3/2/2021,153.72,3/2/2021,20.15,3/2/2021,177.01,3/2/2021,50.22,3/2/2021,168.53,3/2/2021,45.78,3/2/2021,104.06,5/28/2021,9.9,3/2/2021,105.52,3/2/2021,55.27,3/2/2021,19.54,3/12/2021,71.82,3/2/2021,54.78,
3/3/2021,147,3/3/2021,20.44,3/3/2021,178.42,3/3/2021,49.88,3/3/2021,170.86,3/3/2021,45.34,3/3/2021,101.82,6/1/2021,9.89,3/3/2021,103.53,3/3/2021,56.41,3/3/2021,18.73,3/15/2021,79.3,3/3/2021,53.2,
3/4/2021,141.51,3/4/2021,19.97,3/4/2021,172.19,3/4/2021,48.84,3/4/2021,162.54,3/4/2021,43.85,3/4/2021,97.22,6/2/2021,9.89,3/4/2021,100.77,3/4/2021,55.45,3/4/2021,17.03,3/16/2021,76.63,3/4/2021,49.3,
3/5/2021,143.88,3/5/2021,20.8,3/5/2021,177.27,3/5/2021,50.78,3/5/2021,164.54,3/5/2021,44.84,3/5/2021,100.32,6/3/2021,9.87,3/5/2021,102.71,3/5/2021,56.15,3/5/2021,16.7,3/17/2021,76.83,3/5/2021,49.86,
3/8/2021,140.69,3/8/2021,21.25,3/8/2021,183.04,3/8/2021,51.88,3/8/2021,156.15,3/8/2021,44.9,3/8/2021,93.99,6/4/2021,9.88,3/8/2021,103.06,3/8/2021,57.56,3/8/2021,16.1,3/18/2021,79.6,3/8/2021,48.64,
3/9/2021,145.77,3/9/2021,20.78,3/9/2021,182.27,3/9/2021,51.5,3/9/2021,162.56,3/9/2021,44.71,3/9/2021,101.53,6/7/2021,9.9,3/9/2021,104.82,3/9/2021,56.64,3/9/2021,16.98,3/19/2021,78.94,3/9/2021,51.17,
3/10/2021,152.3,3/10/2021,21.88,3/10/2021,180.25,3/10/2021,52.92,3/10/2021,166.13,3/10/2021,47,3/10/2021,98.66,6/8/2021,9.91,3/10/2021,106.35,3/10/2021,57.64,3/10/2021,18.18,3/22/2021,81.71,3/10/2021,53.63,
3/11/2021,161.27,3/11/2021,21.98,3/11/2021,179.28,3/11/2021,52.82,3/11/2021,171.8,3/11/2021,46.86,3/11/2021,104.66,6/9/2021,9.93,3/11/2021,108.71,3/11/2021,58.31,3/11/2021,19.17,3/24/2021,68.32,3/11/2021,56.38,
3/12/2021,157.28,3/12/2021,22.35,3/12/2021,180.79,3/12/2021,53.05,3/12/2021,169.15,3/12/2021,46.9,3/12/2021,102.58,6/10/2021,9.91,3/12/2021,110.11,3/12/2021,59.37,3/12/2021,19.37,3/25/2021,70.35,3/12/2021,55.69,
3/15/2021,158.83,3/15/2021,21.47,3/15/2021,184.01,3/15/2021,52.66,3/15/2021,173.81,3/15/2021,46.83,3/15/2021,105.47,6/11/2021,9.92,3/15/2021,112.28,3/15/2021,61.1,3/15/2021,18.69,3/26/2021,70.4,3/15/2021,55.79,
3/16/2021,155.36,3/16/2021,21.44,3/16/2021,180.53,3/16/2021,52.7,3/16/2021,180.76,3/16/2021,46.17,3/16/2021,105.44,6/14/2021,9.9,3/16/2021,108.69,3/16/2021,61.13,3/16/2021,18.17,3/29/2021,64,3/16/2021,54.1,
3/17/2021,155.91,3/17/2021,21.46,3/17/2021,181.13,3/17/2021,54.11,3/17/2021,180.91,3/17/2021,47.26,3/17/2021,106.82,6/15/2021,9.91,3/17/2021,109.37,3/17/2021,64.16,3/17/2021,18.92,3/30/2021,63.26,3/17/2021,54.69,
3/18/2021,152.52,3/18/2021,21.28,3/18/2021,181.57,3/18/2021,53.26,3/18/2021,172,3/18/2021,46.96,3/18/2021,101.61,6/16/2021,9.93,3/18/2021,110.1,3/18/2021,60.6,3/18/2021,17.5,3/31/2021,69.49,3/18/2021,52.55,
3/19/2021,151.5,3/19/2021,21.05,3/19/2021,179.51,3/19/2021,52.7,3/19/2021,172.31,3/19/2021,47.07,3/19/2021,102.87,6/17/2021,9.91,3/19/2021,109.89,3/19/2021,60.74,3/19/2021,18.05,4/1/2021,68.1,3/19/2021,53.28,
3/22/2021,152.15,3/22/2021,20.41,3/22/2021,180.43,3/22/2021,52.47,3/22/2021,170.15,3/22/2021,47.3,3/22/2021,105,6/18/2021,9.93,3/22/2021,110.3,3/22/2021,59.25,3/22/2021,18.11,4/5/2021,66.52,3/22/2021,52.83,
3/23/2021,146.47,3/23/2021,19.9,3/23/2021,176.81,3/23/2021,49.9,3/23/2021,162.28,3/23/2021,45.85,3/23/2021,102.24,6/21/2021,9.88,3/23/2021,108.02,3/23/2021,56.66,3/23/2021,17.57,4/6/2021,68.11,3/23/2021,50.88,
3/24/2021,146.63,3/24/2021,19.9,3/24/2021,177.1,3/24/2021,50.33,3/24/2021,165.38,3/24/2021,46.19,3/24/2021,102.65,6/22/2021,9.89,3/24/2021,109.51,3/24/2021,57.3,3/24/2021,16.4,4/7/2021,65.72,3/24/2021,50.76,
3/25/2021,148.93,3/25/2021,20.09,3/25/2021,181.59,3/25/2021,51.31,3/25/2021,167.82,3/25/2021,46.78,3/25/2021,103.75,6/23/2021,9.92,3/25/2021,110.85,3/25/2021,59.27,3/25/2021,16.78,4/8/2021,72.67,3/25/2021,51.38,
3/26/2021,150.4,3/26/2021,20.7,3/26/2021,183.64,3/26/2021,52.56,3/26/2021,177.48,3/26/2021,47.91,3/26/2021,110.03,6/24/2021,9.91,3/26/2021,113.77,3/26/2021,56.74,3/26/2021,17.06,4/9/2021,69.3,3/26/2021,51.25,
3/29/2021,146.41,3/29/2021,20.16,3/29/2021,182.49,3/29/2021,51.44,3/29/2021,170.31,3/29/2021,47.77,3/29/2021,106.6,6/25/2021,9.93,3/29/2021,112.7,3/29/2021,55.77,3/29/2021,15.75,4/12/2021,67.03,3/29/2021,51.13,
3/30/2021,145.39,3/30/2021,20.48,3/30/2021,185.18,3/30/2021,52.51,3/30/2021,170.94,3/30/2021,46.94,3/30/2021,108.8,6/28/2021,9.9,3/30/2021,111.02,3/30/2021,56.8,3/30/2021,16.91,4/13/2021,69.51,3/30/2021,53.38,
3/31/2021,146.11,3/31/2021,20.41,3/31/2021,183.65,3/31/2021,52.44,3/31/2021,176.79,3/31/2021,46.62,3/31/2021,111.8,6/29/2021,9.92,3/31/2021,110.61,3/31/2021,56,3/31/2021,17.32,4/14/2021,68,3/31/2021,53.07,
4/1/2021,150.74,4/1/2021,20.92,4/1/2021,188.07,4/1/2021,53.28,4/1/2021,187.79,4/1/2021,46.74,4/1/2021,120.09,6/30/2021,9.9,4/1/2021,111.92,4/1/2021,56.36,4/1/2021,18.81,4/15/2021,67.24,4/1/2021,54.28,
4/5/2021,150.22,4/5/2021,20.9,4/5/2021,190.95,4/5/2021,53.74,4/5/2021,195.28,4/5/2021,47.04,4/5/2021,120.41,7/1/2021,9.91,4/5/2021,113.83,4/5/2021,57.09,4/5/2021,17.46,4/16/2021,65.07,4/5/2021,53.82,
4/6/2021,152.89,4/6/2021,20.91,4/6/2021,192.31,4/6/2021,54.15,4/6/2021,196.9,4/6/2021,47.74,4/6/2021,119.15,7/2/2021,9.9,4/6/2021,112.83,4/6/2021,56.25,4/6/2021,18.04,4/19/2021,65.98,4/6/2021,53.84,
4/7/2021,143.7,4/7/2021,20.1,4/7/2021,190.6,4/7/2021,53.36,4/7/2021,195.76,4/7/2021,46.75,4/7/2021,118.63,7/6/2021,9.9,4/7/2021,111.53,4/7/2021,56.62,4/7/2021,16.87,4/20/2021,63.68,4/7/2021,52.75,
4/8/2021,146.17,4/8/2021,19.9,4/8/2021,191.97,4/8/2021,52.86,4/8/2021,196.59,4/8/2021,46.93,4/8/2021,122.05,7/7/2021,9.9,4/8/2021,111.49,4/8/2021,56.32,4/8/2021,17.18,4/21/2021,67.57,4/8/2021,53.5,
4/9/2021,147.32,4/9/2021,20,4/9/2021,197.13,4/9/2021,53.16,4/9/2021,192.98,4/9/2021,47.13,4/9/2021,121.45,7/8/2021,9.89,4/9/2021,111.88,4/9/2021,56.73,4/9/2021,17.05,4/22/2021,67.21,4/9/2021,53.54,
4/12/2021,147.71,4/12/2021,19.98,4/12/2021,196.54,4/12/2021,53.92,4/12/2021,185.75,4/12/2021,47.1,4/12/2021,119.7,7/9/2021,9.88,4/12/2021,112.4,4/12/2021,58.25,4/12/2021,16.75,4/23/2021,69.77,4/12/2021,52.51,
4/13/2021,148.58,4/13/2021,19.86,4/13/2021,193.64,4/13/2021,52.91,4/13/2021,186.74,4/13/2021,46.87,4/13/2021,118.31,7/12/2021,9.88,4/13/2021,110.75,4/13/2021,56.5,4/13/2021,16.79,4/26/2021,73.83,4/13/2021,51.83,
4/14/2021,152.93,4/14/2021,20.13,4/14/2021,194.65,4/14/2021,53.44,4/14/2021,188.87,4/14/2021,47.22,4/14/2021,118,7/13/2021,9.91,4/14/2021,111.19,4/14/2021,56.68,4/14/2021,17.36,4/27/2021,74.9,4/14/2021,53.68,
4/15/2021,150.51,4/15/2021,20.21,4/15/2021,198.45,4/15/2021,54.07,4/15/2021,191.29,4/15/2021,47.52,4/15/2021,119.3,7/14/2021,9.91,4/15/2021,112.47,4/15/2021,56.16,4/15/2021,16.43,4/28/2021,73.65,4/15/2021,54.1,
4/16/2021,152.03,4/16/2021,20.3,4/16/2021,198.6,4/16/2021,54.75,4/16/2021,190.11,4/16/2021,47.5,4/16/2021,117.38,7/15/2021,9.92,4/16/2021,113.64,4/16/2021,57.37,4/16/2021,16.6,4/29/2021,72.37,4/16/2021,55.1,
4/19/2021,157.5,4/19/2021,20.37,4/19/2021,198.6,4/19/2021,54.74,4/19/2021,185.7,4/19/2021,47.52,4/19/2021,113.15,7/16/2021,9.96,4/19/2021,112.82,4/19/2021,57.2,4/19/2021,17.59,4/30/2021,70.7,4/19/2021,55.66,
4/20/2021,148.52,4/20/2021,20.35,4/20/2021,198.04,4/20/2021,53.89,4/20/2021,179.54,4/20/2021,46.96,4/20/2021,110.72,7/19/2021,9.89,4/20/2021,113,4/20/2021,57.28,4/20/2021,16.4,5/3/2021,68.32,4/20/2021,53.92,
4/21/2021,153.05,4/21/2021,20.5,4/21/2021,199.23,4/21/2021,55.29,4/21/2021,187.51,4/21/2021,48.28,4/21/2021,113.21,7/20/2021,9.96,4/21/2021,114.86,4/21/2021,58,4/21/2021,17.18,5/4/2021,67.7,4/21/2021,53.31,
4/22/2021,155.8,4/22/2021,20.15,4/22/2021,200,4/22/2021,54.3,4/22/2021,184.02,4/22/2021,48.08,4/22/2021,109.99,7/21/2021,9.9,4/22/2021,113.46,4/22/2021,57.2,4/22/2021,17.86,5/5/2021,68,4/22/2021,52.78,
4/23/2021,161.23,4/23/2021,20.05,4/23/2021,202.16,4/23/2021,55.4,4/23/2021,187.07,4/23/2021,48.63,4/23/2021,113.15,7/22/2021,9.9,4/23/2021,115.9,4/23/2021,57.21,4/23/2021,18.19,5/6/2021,65.24,4/23/2021,53.52,
4/26/2021,170.57,4/26/2021,19.94,4/26/2021,200.79,4/26/2021,55.68,4/26/2021,190.3,4/26/2021,48.87,4/26/2021,115.26,7/23/2021,9.92,4/26/2021,117.68,4/26/2021,58.66,4/26/2021,19,5/7/2021,65.86,4/26/2021,55.69,
4/27/2021,169.75,4/27/2021,20.06,4/27/2021,204.24,4/27/2021,56.2,4/27/2021,187.66,4/27/2021,49.16,4/27/2021,114.78,7/26/2021,9.92,4/27/2021,118.67,4/27/2021,58.92,4/27/2021,18.71,5/10/2021,63.6,4/27/2021,54.66,
4/28/2021,169.4,4/28/2021,20.01,4/28/2021,211.41,4/28/2021,56.74,4/28/2021,188.21,4/28/2021,49.19,4/28/2021,114.79,7/27/2021,9.9,4/28/2021,119.23,4/28/2021,56.52,4/28/2021,18.83,5/11/2021,62.66,4/28/2021,54.15,
4/29/2021,167.62,4/29/2021,20.13,4/29/2021,214.73,4/29/2021,56.43,4/29/2021,187.33,4/29/2021,49.56,4/29/2021,114.91,7/28/2021,9.92,4/29/2021,120.23,4/29/2021,56.97,4/29/2021,18.15,5/12/2021,57.46,4/29/2021,52.8,
4/30/2021,168.17,4/30/2021,19.78,4/30/2021,214.17,4/30/2021,54.88,4/30/2021,183.43,4/30/2021,48.76,4/30/2021,112.58,7/29/2021,9.95,4/30/2021,118.24,4/30/2021,56.41,4/30/2021,18.02,5/13/2021,54.89,4/30/2021,52.74,
5/3/2021,165.99,5/3/2021,20.07,5/3/2021,213.71,5/3/2021,56.09,5/3/2021,181.93,5/3/2021,49.73,5/3/2021,111.36,7/30/2021,9.95,5/3/2021,119.06,5/3/2021,55.85,5/3/2021,17.72,5/14/2021,58.37,5/3/2021,52.57,
5/4/2021,162.11,5/4/2021,20.42,5/4/2021,214.7,5/4/2021,57.4,5/4/2021,175.14,5/4/2021,49.79,5/4/2021,108.89,8/2/2021,9.94,5/4/2021,119.04,5/4/2021,54.93,5/4/2021,18.08,5/17/2021,61,5/4/2021,52.68,
5/5/2021,167.15,5/5/2021,20.79,5/5/2021,215.92,5/5/2021,60.91,5/5/2021,178.49,5/5/2021,47.68,5/5/2021,110.7,8/3/2021,9.93,5/5/2021,121.83,5/5/2021,53.34,5/5/2021,18.67,5/18/2021,65.46,5/5/2021,54.57,
5/6/2021,152.85,5/6/2021,20.45,5/6/2021,220.35,5/6/2021,62.92,5/6/2021,159.1,5/6/2021,48.41,5/6/2021,111.3,8/4/2021,9.94,5/6/2021,117.42,5/6/2021,54,5/6/2021,17.24,5/19/2021,61.31,5/6/2021,53.14,
5/7/2021,162.72,5/7/2021,20.1,5/7/2021,221.46,5/7/2021,62.37,5/7/2021,166.49,5/7/2021,48.86,5/7/2021,114.71,8/5/2021,9.95,5/7/2021,120.41,5/7/2021,54.44,5/7/2021,18.15,5/20/2021,61.42,5/7/2021,55.02,
5/10/2021,159.48,5/10/2021,19.58,5/10/2021,221.58,5/10/2021,61.52,5/10/2021,153.13,5/10/2021,46.99,5/10/2021,108.2,8/6/2021,9.95,5/10/2021,118.36,5/10/2021,53.81,5/10/2021,17.66,5/21/2021,60.67,5/10/2021,55.36,
5/11/2021,160.5,5/11/2021,19.58,5/11/2021,218.4,5/11/2021,61.58,5/11/2021,152.34,5/11/2021,47.09,5/11/2021,109.19,8/9/2021,9.94,5/11/2021,117.14,5/11/2021,51.91,5/11/2021,17.6,5/24/2021,62.83,5/11/2021,53.3,
5/12/2021,154.6,5/12/2021,19.21,5/12/2021,214.95,5/12/2021,60.1,5/12/2021,144.36,5/12/2021,45.18,5/12/2021,101.61,8/10/2021,9.93,5/12/2021,114.95,5/12/2021,50.53,5/12/2021,16.4,5/25/2021,63.68,5/12/2021,51.48,
5/13/2021,157.69,5/13/2021,19.38,5/13/2021,220.44,5/13/2021,61.33,5/13/2021,151.79,5/13/2021,45.92,5/13/2021,105.35,8/11/2021,9.97,5/13/2021,116.27,5/13/2021,51.34,5/13/2021,16.7,5/26/2021,63.55,5/13/2021,51.07,
5/14/2021,163.81,5/14/2021,19.19,5/14/2021,219.06,5/14/2021,62.28,5/14/2021,154.64,5/14/2021,46.32,5/14/2021,109.45,8/12/2021,9.92,5/14/2021,118.19,5/14/2021,52.51,5/14/2021,17.73,5/27/2021,64.94,5/14/2021,52.31,
5/17/2021,157.79,5/17/2021,18.98,5/17/2021,220.96,5/17/2021,63.11,5/17/2021,152,5/17/2021,46.22,5/17/2021,107.35,8/13/2021,9.94,5/17/2021,118.42,5/17/2021,52.05,5/17/2021,17.19,5/28/2021,64.9,5/17/2021,46.96,
5/18/2021,159.35,5/18/2021,18.67,5/18/2021,216.06,5/18/2021,62.33,5/18/2021,149.09,5/18/2021,45.78,5/18/2021,106.23,8/16/2021,9.95,5/18/2021,117.67,5/18/2021,51.83,5/18/2021,17.91,6/1/2021,66.42,5/18/2021,46.2,
5/19/2021,156.98,5/19/2021,18.49,5/19/2021,216.02,5/19/2021,61.83,5/19/2021,149.99,5/19/2021,44.82,5/19/2021,108.05,8/17/2021,9.9,5/19/2021,116.54,5/19/2021,51.74,5/19/2021,17.43,6/2/2021,68.8,5/19/2021,42.43,
5/20/2021,157.99,5/20/2021,18.34,5/20/2021,216.99,5/20/2021,62.05,5/20/2021,152.85,5/20/2021,44.13,5/20/2021,111.16,8/18/2021,9.93,5/20/2021,116.32,5/20/2021,52.36,5/20/2021,17.46,6/3/2021,69.14,5/20/2021,41.45,
5/21/2021,159.58,5/21/2021,18.4,5/21/2021,216.62,5/21/2021,62.73,5/21/2021,151.38,5/21/2021,44.7,5/21/2021,109.81,8/19/2021,9.89,5/21/2021,116.88,5/21/2021,53.1,5/21/2021,18.12,6/4/2021,71.88,5/21/2021,42.09,
5/24/2021,159.59,5/24/2021,18.61,5/24/2021,218.81,5/24/2021,63.16,5/24/2021,153.85,5/24/2021,45.15,5/24/2021,113.18,8/20/2021,9.9,5/24/2021,116.74,5/24/2021,54.35,5/24/2021,18.44,6/7/2021,69.22,5/24/2021,42.25,
5/25/2021,158.02,5/25/2021,18.17,5/25/2021,216.97,5/25/2021,62.02,5/25/2021,153.13,5/25/2021,44.6,5/25/2021,113.07,8/23/2021,9.88,5/25/2021,115.55,5/25/2021,54.52,5/25/2021,18,6/8/2021,68.64,5/25/2021,41.61,
5/26/2021,162.2,5/26/2021,18.29,5/26/2021,216.71,5/26/2021,62.61,5/26/2021,152.85,5/26/2021,44.78,5/26/2021,113.37,8/24/2021,9.9,5/26/2021,115.4,5/26/2021,55.86,5/26/2021,18.71,6/9/2021,69.72,5/26/2021,41.82,
5/27/2021,168.56,5/27/2021,18.4,5/27/2021,218.64,5/27/2021,63.37,5/27/2021,155.32,5/27/2021,45.18,5/27/2021,113.89,8/25/2021,9.9,5/27/2021,116.24,5/27/2021,60.01,5/27/2021,19.88,6/10/2021,73.12,5/27/2021,42.65,
5/28/2021,167.08,5/28/2021,18.39,5/28/2021,220.53,5/28/2021,63.58,5/28/2021,154.33,5/28/2021,45.5,5/28/2021,114.45,8/26/2021,9.93,5/28/2021,116.69,5/28/2021,59.46,5/28/2021,19.51,6/11/2021,73.31,5/28/2021,43.37,
6/1/2021,171.43,6/1/2021,18.35,6/1/2021,222.56,6/1/2021,64.76,6/1/2021,154,6/1/2021,45.97,6/1/2021,114.01,8/27/2021,9.93,6/1/2021,118.31,6/1/2021,60.36,6/1/2021,19.89,6/14/2021,71.18,6/1/2021,44.51,
6/2/2021,170.36,6/2/2021,17.71,6/2/2021,219.38,6/2/2021,63.87,6/2/2021,153.04,6/2/2021,45.66,6/2/2021,114.83,8/30/2021,9.91,6/2/2021,117.7,6/2/2021,59.89,6/2/2021,20.31,6/15/2021,69.12,6/2/2021,46.09,
6/3/2021,168.17,6/3/2021,17.67,6/3/2021,219.25,6/3/2021,64.28,6/3/2021,147.68,6/3/2021,45.98,6/3/2021,112.78,8/31/2021,9.92,6/3/2021,117.85,6/3/2021,59.71,6/3/2021,19.97,6/16/2021,70.37,6/3/2021,45.07,
6/4/2021,173.54,6/4/2021,17.75,6/4/2021,220.32,6/4/2021,64.85,6/4/2021,150.42,6/4/2021,45.96,6/4/2021,116.22,9/1/2021,9.93,6/4/2021,118.35,6/4/2021,60.51,6/4/2021,20.62,6/17/2021,68.83,6/4/2021,45.74,
6/7/2021,170.78,6/7/2021,18.01,6/7/2021,216.42,6/7/2021,63.29,6/7/2021,144.98,6/7/2021,45.93,6/7/2021,115,9/2/2021,9.93,6/7/2021,118.49,6/7/2021,61.32,6/7/2021,20.91,6/18/2021,67.85,6/7/2021,45.65,
6/8/2021,176.01,6/8/2021,17.99,6/8/2021,218.27,6/8/2021,63.68,6/8/2021,150.01,6/8/2021,45.9,6/8/2021,113.81,9/3/2021,9.94,6/8/2021,119.14,6/8/2021,62.43,6/8/2021,21.17,6/21/2021,67.89,6/8/2021,46.79,
6/9/2021,174.37,6/9/2021,17.9,6/9/2021,218.12,6/9/2021,62.82,6/9/2021,153.38,6/9/2021,45.49,6/9/2021,113.8,9/7/2021,9.95,6/9/2021,118.31,6/9/2021,61.25,6/9/2021,20.49,6/22/2021,69.17,6/9/2021,47.57,
6/10/2021,167.78,6/10/2021,17.71,6/10/2021,217.09,6/10/2021,62.31,6/10/2021,150.99,6/10/2021,44.56,6/10/2021,115.57,9/8/2021,9.94,6/10/2021,118.61,6/10/2021,61.07,6/10/2021,18.9,6/23/2021,74.11,6/10/2021,47.25,
6/11/2021,170.18,6/11/2021,17.84,6/11/2021,219.35,6/11/2021,62.59,6/11/2021,152.95,6/11/2021,44.54,6/11/2021,116.41,9/9/2021,9.96,6/11/2021,119.42,6/11/2021,61.91,6/11/2021,19,6/24/2021,72.5,6/11/2021,47.87,
6/14/2021,168.34,6/14/2021,17.99,6/14/2021,213.56,6/14/2021,61.49,6/14/2021,158.6,6/14/2021,43.96,6/14/2021,119.36,9/10/2021,9.95,6/14/2021,118.46,6/14/2021,60.69,6/14/2021,18.35,6/25/2021,72.94,6/14/2021,47.19,
6/15/2021,166.03,6/15/2021,18.04,6/15/2021,214.67,6/15/2021,61.38,6/15/2021,155.11,6/15/2021,44.31,6/15/2021,119.67,9/13/2021,9.97,6/15/2021,118.76,6/15/2021,61.49,6/15/2021,17.67,6/28/2021,75.84,6/15/2021,46.8,
6/16/2021,165.28,6/16/2021,17.74,6/16/2021,211.09,6/16/2021,60.57,6/16/2021,153.62,6/16/2021,43.7,6/16/2021,119.87,9/14/2021,9.96,6/16/2021,117.4,6/16/2021,61.89,6/16/2021,17.82,6/29/2021,76.8,6/16/2021,45.84,
6/17/2021,163.87,6/17/2021,17.49,6/17/2021,208.57,6/17/2021,57.72,6/17/2021,151.25,6/17/2021,43.51,6/17/2021,119.89,9/15/2021,9.97,6/17/2021,118,6/17/2021,60.74,6/17/2021,17.66,6/30/2021,78.16,6/17/2021,44.21,
6/18/2021,157.97,6/18/2021,17.04,6/18/2021,205.49,6/18/2021,56.49,6/18/2021,149.92,6/18/2021,42.71,6/18/2021,117.24,9/16/2021,9.99,6/18/2021,112.04,6/18/2021,60.64,6/18/2021,17.35,7/1/2021,76.72,6/18/2021,42.48,
6/21/2021,161.41,6/21/2021,17.29,6/21/2021,209.88,6/21/2021,57.61,6/21/2021,149.7,6/21/2021,43.41,6/21/2021,117.86,9/17/2021,9.99,6/21/2021,114.14,6/21/2021,62.33,6/21/2021,17.67,7/2/2021,77.8,6/21/2021,43.57,
6/22/2021,161.58,6/22/2021,17.23,6/22/2021,210.04,6/22/2021,57.13,6/22/2021,149.72,6/22/2021,43.49,6/22/2021,120.7,9/20/2021,9.99,6/22/2021,114.59,6/22/2021,62.04,6/22/2021,18.26,7/6/2021,70.88,6/22/2021,44.98,
6/23/2021,163.67,6/23/2021,17.03,6/23/2021,208.62,6/23/2021,57.27,6/23/2021,148.7,6/23/2021,43.57,6/23/2021,118.57,9/21/2021,9.98,6/23/2021,114.21,6/23/2021,62.94,6/23/2021,18.7,7/7/2021,68.17,6/23/2021,46.12,
6/24/2021,165.97,6/24/2021,17.44,6/24/2021,207.82,6/24/2021,57.04,6/24/2021,150,6/24/2021,44.35,6/24/2021,119.3,9/22/2021,9.98,6/24/2021,112.85,6/24/2021,64.39,6/24/2021,18.44,7/8/2021,67.86,6/24/2021,46.66,
6/25/2021,166.77,6/25/2021,17.61,6/25/2021,208.67,6/25/2021,56.74,6/25/2021,147.14,6/25/2021,44.16,6/25/2021,117.75,9/23/2021,9.99,6/25/2021,112.01,6/25/2021,64.22,6/25/2021,18.01,7/9/2021,71.05,6/25/2021,47.19,
6/28/2021,169.05,6/28/2021,17.22,6/28/2021,209.4,6/28/2021,55.85,6/28/2021,150,6/28/2021,44.34,6/28/2021,121.4,9/24/2021,9.99,6/28/2021,110.09,6/28/2021,61.95,6/28/2021,18.5,7/12/2021,72.95,6/28/2021,47.09,
6/29/2021,167.54,6/29/2021,17.5,6/29/2021,209.71,6/29/2021,56.34,6/29/2021,150.06,6/29/2021,44.28,6/29/2021,123.26,9/27/2021,9.99,6/29/2021,109.03,6/29/2021,61.37,6/29/2021,18.74,7/13/2021,69.19,6/29/2021,47.36,
6/30/2021,168.46,6/30/2021,17.51,6/30/2021,210.24,6/30/2021,56.93,6/30/2021,150.74,6/30/2021,44.35,6/30/2021,122.97,9/28/2021,9.99,6/30/2021,108.2,6/30/2021,62.4,6/30/2021,19.36,7/14/2021,66.99,6/30/2021,47.33,
7/1/2021,172.03,7/1/2021,17.68,7/1/2021,210.27,7/1/2021,58.31,7/1/2021,148.73,7/1/2021,44.62,7/1/2021,118.5,9/29/2021,9.99,7/1/2021,108.54,7/1/2021,61.73,7/1/2021,19.74,7/15/2021,67.71,7/1/2021,47.4,
7/2/2021,170.65,7/2/2021,17.07,7/2/2021,209.9,7/2/2021,57.92,7/2/2021,146,7/2/2021,44.5,7/2/2021,118.58,9/30/2021,9.97,7/2/2021,108.53,7/2/2021,61.52,7/2/2021,19.55,7/16/2021,64.4,7/2/2021,48.23,
7/6/2021,168.56,7/6/2021,17.18,7/6/2021,206.52,7/6/2021,57.11,7/6/2021,142.86,7/6/2021,44.09,7/6/2021,117.87,10/1/2021,9.94,7/6/2021,106.71,7/6/2021,61.22,7/6/2021,19.18,7/19/2021,63.08,7/6/2021,45.8,
7/7/2021,170.04,7/7/2021,16.68,7/7/2021,209.51,7/7/2021,58.2,7/7/2021,146.51,7/7/2021,43.38,7/7/2021,116.95,10/4/2021,8.92,7/7/2021,105.69,7/7/2021,61.09,7/7/2021,18.91,7/20/2021,50.52,7/7/2021,45.44,
7/8/2021,167.91,7/8/2021,16.79,7/8/2021,207.48,7/8/2021,56.62,7/8/2021,142.3,7/8/2021,42.9,7/8/2021,115.54,10/5/2021,8.94,7/8/2021,105.36,7/8/2021,60.11,7/8/2021,18.65,7/21/2021,57.61,7/8/2021,45.71,
7/9/2021,175.51,7/9/2021,17.1,7/9/2021,210.35,7/9/2021,58.41,7/9/2021,148.7,7/9/2021,43.45,7/9/2021,118,10/6/2021,7.51,7/9/2021,107.66,7/9/2021,61.45,7/9/2021,19.85,7/22/2021,55.69,7/9/2021,47.91,
7/12/2021,187.49,7/12/2021,17.18,7/12/2021,210.43,7/12/2021,58.79,7/12/2021,150.62,7/12/2021,43.8,7/12/2021,118.54,10/7/2021,7.64,7/12/2021,108.77,7/12/2021,61.72,7/12/2021,21.05,7/23/2021,52.32,7/12/2021,50.53,
7/13/2021,184.86,7/13/2021,16.92,7/13/2021,208.22,7/13/2021,57.54,7/13/2021,150.03,7/13/2021,43.05,7/13/2021,117.72,10/8/2021,8.21,7/13/2021,107.09,7/13/2021,59.27,7/13/2021,19.87,7/26/2021,53,7/13/2021,50.1,
7/14/2021,182.52,7/14/2021,16.98,7/14/2021,208.05,7/14/2021,57.17,7/14/2021,147.21,7/14/2021,42.67,7/14/2021,117.82,10/11/2021,10.42,7/14/2021,107.21,7/14/2021,58.2,7/14/2021,19.63,7/27/2021,50.57,7/14/2021,49.01,
7/15/2021,185.83,7/15/2021,17.02,7/15/2021,207.87,7/15/2021,56.27,7/15/2021,143.55,7/15/2021,42.42,7/15/2021,114.97,10/12/2021,23.8,7/15/2021,107.06,7/15/2021,57.08,7/15/2021,19.69,7/28/2021,52.55,7/15/2021,49.42,
7/16/2021,180.66,7/16/2021,16.77,7/16/2021,203.29,7/16/2021,53.75,7/16/2021,139.2,7/16/2021,41.81,7/16/2021,112.26,10/13/2021,19.07,7/16/2021,105.14,7/16/2021,56.52,7/16/2021,17.85,7/29/2021,55.75,7/16/2021,47.47,
7/19/2021,178.08,7/19/2021,16.42,7/19/2021,198.84,7/19/2021,51.8,7/19/2021,137.16,7/19/2021,40.93,7/19/2021,112.55,10/14/2021,16.94,7/19/2021,103.11,7/19/2021,53.26,7/19/2021,17.21,7/30/2021,55.06,7/19/2021,47.26,
7/20/2021,187.25,7/20/2021,16.65,7/20/2021,200.75,7/20/2021,51.96,7/20/2021,139.87,7/20/2021,41.73,7/20/2021,116.49,10/15/2021,17.41,7/20/2021,103.34,7/20/2021,56.95,7/20/2021,18.39,8/2/2021,54.87,7/20/2021,47.75,
7/21/2021,190.22,7/21/2021,16.95,7/21/2021,203.09,7/21/2021,52.41,7/21/2021,142.86,7/21/2021,42.21,7/21/2021,119.63,10/18/2021,18.66,7/21/2021,105.26,7/21/2021,58.5,7/21/2021,19.55,8/3/2021,55.53,7/21/2021,49,
7/22/2021,192.76,7/22/2021,16.71,7/22/2021,200.88,7/22/2021,51.79,7/22/2021,140.02,7/22/2021,42.27,7/22/2021,118.41,10/19/2021,17.16,7/22/2021,105.88,7/22/2021,57.37,7/22/2021,19.52,8/4/2021,56.34,7/22/2021,50.05,
7/23/2021,190.35,7/23/2021,16.69,7/23/2021,202.25,7/23/2021,53.53,7/23/2021,141.93,7/23/2021,42.13,7/23/2021,119.71,10/20/2021,15.78,7/23/2021,106.35,7/23/2021,57.72,7/23/2021,18.89,8/5/2021,58.09,7/23/2021,47.36,
7/26/2021,194.84,7/26/2021,16.87,7/26/2021,205.3,7/26/2021,54.18,7/26/2021,139.14,7/26/2021,42.35,7/26/2021,118.76,10/21/2021,15.94,7/26/2021,106.63,7/26/2021,59.69,7/26/2021,19.11,8/6/2021,59.78,7/26/2021,47.79,
7/27/2021,188.99,7/27/2021,16.68,7/27/2021,205.05,7/27/2021,53.6,7/27/2021,136.23,7/27/2021,42.53,7/27/2021,116.44,10/22/2021,16.69,7/27/2021,106.23,7/27/2021,58.75,7/27/2021,18.44,8/9/2021,60.11,7/27/2021,46.59,
7/28/2021,194.54,7/28/2021,16.83,7/28/2021,209.99,7/28/2021,53.99,7/28/2021,141.56,7/28/2021,42.82,7/28/2021,119.78,10/25/2021,15.4,7/28/2021,106.85,7/28/2021,57,7/28/2021,19.08,8/10/2021,64.16,7/28/2021,47.53,
7/29/2021,202.82,7/29/2021,16.66,7/29/2021,209.7,7/29/2021,55.07,7/29/2021,143.4,7/29/2021,43.22,7/29/2021,120.15,10/26/2021,17,7/29/2021,106.92,7/29/2021,56.16,7/29/2021,19.49,8/11/2021,64.55,7/29/2021,48.98,
7/30/2021,206.04,7/30/2021,16.51,7/30/2021,210.68,7/30/2021,55.06,7/30/2021,144.64,7/30/2021,42.78,7/30/2021,120.64,10/27/2021,16.58,7/30/2021,106.95,7/30/2021,54.42,7/30/2021,19.51,8/12/2021,65.18,7/30/2021,47.5,
8/2/2021,206.9,8/2/2021,16.27,8/2/2021,210.26,8/2/2021,54.48,8/2/2021,144.25,8/2/2021,42.48,8/2/2021,121.31,10/28/2021,16.38,8/2/2021,106.6,8/2/2021,55.19,8/2/2021,20.05,8/13/2021,64.14,8/2/2021,47.41,
8/3/2021,206.98,8/3/2021,15.85,8/3/2021,213.97,8/3/2021,55.27,8/3/2021,145.92,8/3/2021,43.07,8/3/2021,122.74,10/29/2021,18,8/3/2021,106.78,8/3/2021,55.55,8/3/2021,19.89,8/16/2021,60.1,8/3/2021,48.32,
8/4/2021,206.84,8/4/2021,15.41,8/4/2021,212.76,8/4/2021,53.31,8/4/2021,145.84,8/4/2021,42.27,8/4/2021,124.21,11/1/2021,18.75,8/4/2021,98.63,8/4/2021,54.26,8/4/2021,19.17,8/17/2021,54.46,8/4/2021,48.28,
8/5/2021,218.62,8/5/2021,15.35,8/5/2021,211.9,8/5/2021,53.19,8/5/2021,124.79,8/5/2021,41.44,8/5/2021,121.96,11/2/2021,18.26,8/5/2021,93.23,8/5/2021,56.38,8/5/2021,20.37,8/18/2021,51.2,8/5/2021,49.4,
8/6/2021,226.71,8/6/2021,16.16,8/6/2021,213.22,8/6/2021,53.99,8/6/2021,124.01,8/6/2021,44.76,8/6/2021,121.58,11/3/2021,17.41,8/6/2021,95.31,8/6/2021,57.1,8/6/2021,22.12,8/19/2021,49.89,8/6/2021,50.15,
8/9/2021,231.38,8/9/2021,16.04,8/9/2021,214.65,8/9/2021,53.72,8/9/2021,122.72,8/9/2021,45.18,8/9/2021,121.72,11/4/2021,17.61,8/9/2021,95.95,8/9/2021,55.94,8/9/2021,22.47,8/20/2021,51.98,8/9/2021,51.02,
8/10/2021,239.03,8/10/2021,16.05,8/10/2021,217.03,8/10/2021,54.08,8/10/2021,123.28,8/10/2021,45.63,8/10/2021,119.98,11/5/2021,18.75,8/10/2021,95.5,8/10/2021,56.7,8/10/2021,25.24,8/23/2021,53.33,8/10/2021,53.85,
8/11/2021,235.99,8/11/2021,15.41,8/11/2021,217.5,8/11/2021,55.54,8/11/2021,124.6,8/11/2021,45.74,8/11/2021,116.24,11/8/2021,16.93,8/11/2021,96.19,8/11/2021,57.81,8/11/2021,24.84,8/24/2021,54.61,8/11/2021,53.03,
8/12/2021,236.54,8/12/2021,14.99,8/12/2021,216.02,8/12/2021,55.5,8/12/2021,121.39,8/12/2021,46.06,8/12/2021,113.41,11/9/2021,16.8,8/12/2021,94.97,8/12/2021,58.13,8/12/2021,25.8,8/25/2021,56.19,8/12/2021,53.26,
8/13/2021,235.22,8/13/2021,15.09,8/13/2021,215.53,8/13/2021,55.28,8/13/2021,125.04,8/13/2021,45.99,8/13/2021,116.15,11/10/2021,16.83,8/13/2021,94.32,8/13/2021,57.71,8/13/2021,25.84,8/26/2021,53.93,8/13/2021,54.28,
8/16/2021,225.9,8/16/2021,14.92,8/16/2021,219.7,8/16/2021,54.99,8/16/2021,127.84,8/16/2021,45.17,8/16/2021,116.04,11/11/2021,15.02,8/16/2021,92.8,8/16/2021,57.44,8/16/2021,24.5,8/27/2021,55.73,8/16/2021,51.31,
8/17/2021,216.45,8/17/2021,14.88,8/17/2021,216.78,8/17/2021,54.5,8/17/2021,122.2,8/17/2021,45.07,8/17/2021,112.85,11/12/2021,15.15,8/17/2021,92.1,8/17/2021,57.24,8/17/2021,22.83,8/30/2021,58.52,8/17/2021,48.97,
8/18/2021,217.73,8/18/2021,14.97,8/18/2021,215.62,8/18/2021,54.39,8/18/2021,121.41,8/18/2021,43.94,8/18/2021,111.63,11/15/2021,15.26,8/18/2021,91.35,8/18/2021,56.52,8/18/2021,23.9,8/31/2021,58.88,8/18/2021,48.51,
8/19/2021,213.35,8/19/2021,14.8,8/19/2021,215.47,8/19/2021,52.06,8/19/2021,120.37,8/19/2021,42.55,8/19/2021,112.82,11/16/2021,14.98,8/19/2021,88.55,8/19/2021,54.03,8/19/2021,22.7,9/1/2021,58.58,8/19/2021,47.93,
8/20/2021,219.68,8/20/2021,15.19,8/20/2021,218.28,8/20/2021,52.13,8/20/2021,121.03,8/20/2021,41.94,8/20/2021,112.58,11/17/2021,15.14,8/20/2021,87.77,8/20/2021,54.6,8/20/2021,24.21,9/2/2021,59.22,8/20/2021,49.66,
8/23/2021,227.94,8/23/2021,15.23,8/23/2021,218.05,8/23/2021,53.2,8/23/2021,123.41,8/23/2021,41.95,8/23/2021,115.12,11/18/2021,14.97,8/23/2021,89.09,8/23/2021,56.12,8/23/2021,24.81,9/3/2021,60.13,8/23/2021,50.97,
8/24/2021,229.2,8/24/2021,15.27,8/24/2021,219.09,8/24/2021,53.77,8/24/2021,125.69,8/24/2021,42.55,8/24/2021,115.15,11/19/2021,15.11,8/24/2021,90.75,8/24/2021,56.54,8/24/2021,24.5,9/7/2021,54.98,8/24/2021,50.54,
8/25/2021,234.17,8/25/2021,15.31,8/25/2021,223.94,8/25/2021,54.38,8/25/2021,127.81,8/25/2021,43.78,8/25/2021,115.75,11/22/2021,15.1,8/25/2021,92.9,8/25/2021,57.17,8/25/2021,25.35,9/8/2021,52.81,8/25/2021,52.21,
8/26/2021,230.7,8/26/2021,15.36,8/26/2021,224.69,8/26/2021,52.83,8/26/2021,128.14,8/26/2021,43.99,8/26/2021,116.33,11/23/2021,14.91,8/26/2021,93.6,8/26/2021,56.27,8/26/2021,23.8,9/9/2021,54.37,8/26/2021,51.19,
8/27/2021,236.65,8/27/2021,15.11,8/27/2021,226.14,8/27/2021,55.04,8/27/2021,132.89,8/27/2021,44.18,8/27/2021,120.07,11/24/2021,15.35,8/27/2021,93.07,8/27/2021,58.59,8/27/2021,24.86,9/10/2021,55.15,8/27/2021,51.58,
8/30/2021,236.98,8/30/2021,15.32,8/30/2021,226.62,8/30/2021,54,8/30/2021,132.84,8/30/2021,43.76,8/30/2021,120.7,11/26/2021,15.96,8/30/2021,93.32,8/30/2021,56.55,8/30/2021,25.13,9/13/2021,56.2,8/30/2021,52.04,
8/31/2021,236.74,8/31/2021,15.33,8/31/2021,225.39,8/31/2021,53.4,8/31/2021,132.62,8/31/2021,43.97,8/31/2021,120.14,11/29/2021,16.45,8/31/2021,93.63,8/31/2021,56.71,8/31/2021,24.87,9/14/2021,55.29,8/31/2021,52.15,
9/1/2021,239.2,9/1/2021,15.45,9/1/2021,226.14,9/1/2021,53.2,9/1/2021,132.61,9/1/2021,44.38,9/1/2021,119.45,11/30/2021,15.95,9/1/2021,94.39,9/1/2021,56.82,9/1/2021,25.49,9/15/2021,57.34,9/1/2021,52.45,
9/2/2021,244.03,9/2/2021,15.92,9/2/2021,227.37,9/2/2021,53.66,9/2/2021,133.92,9/2/2021,44.92,9/2/2021,121.07,12/1/2021,15.61,9/2/2021,96.66,9/2/2021,57.59,9/2/2021,25.65,9/16/2021,53.86,9/2/2021,54.13,
9/3/2021,241.86,9/3/2021,15.6,9/3/2021,225.73,9/3/2021,52.64,9/3/2021,131.9,9/3/2021,44.92,9/3/2021,121.81,12/2/2021,15.81,9/3/2021,95.28,9/3/2021,56.5,9/3/2021,25.33,9/17/2021,53.63,9/3/2021,53.82,
9/7/2021,238.78,9/7/2021,15.54,9/7/2021,223.88,9/7/2021,52.6,9/7/2021,133.35,9/7/2021,44.33,9/7/2021,121.69,12/3/2021,16.07,9/7/2021,95.65,9/7/2021,56.27,9/7/2021,25.82,9/20/2021,50.29,9/7/2021,52.81,
9/8/2021,239.28,9/8/2021,15.59,9/8/2021,224.92,9/8/2021,51.38,9/8/2021,131.29,9/8/2021,44.14,9/8/2021,119.8,12/6/2021,13.84,9/8/2021,96.95,9/8/2021,53.87,9/8/2021,25.1,9/21/2021,50.39,9/8/2021,52.27,
9/9/2021,243.41,9/9/2021,15.3,9/9/2021,224.94,9/9/2021,51.85,9/9/2021,132.52,9/9/2021,43.58,9/9/2021,119.71,12/7/2021,13.93,9/9/2021,97.5,9/9/2021,54.26,9/9/2021,25.53,9/22/2021,52.43,9/9/2021,54.04,
9/10/2021,241.17,9/10/2021,14.99,9/10/2021,224.37,9/10/2021,50.6,9/10/2021,130.73,9/10/2021,43.42,9/10/2021,120.64,12/8/2021,14.41,9/10/2021,98.12,9/10/2021,55.61,9/10/2021,25.28,9/23/2021,53.9,9/10/2021,55.78,
9/13/2021,229.13,9/13/2021,15.09,9/13/2021,223.32,9/13/2021,50.86,9/13/2021,130.95,9/13/2021,43.14,9/13/2021,124.07,12/9/2021,14.5,9/13/2021,98.52,9/13/2021,57.66,9/13/2021,24.62,9/24/2021,52.24,9/13/2021,54.3,
9/14/2021,230.47,9/14/2021,14.72,9/14/2021,221.82,9/14/2021,49.85,9/14/2021,127.64,9/14/2021,42.26,9/14/2021,128.06,12/10/2021,14.53,9/14/2021,96.85,9/14/2021,57.29,9/14/2021,24.42,9/27/2021,51.41,9/14/2021,55.4,
9/15/2021,233.98,9/15/2021,14.67,9/15/2021,222.53,9/15/2021,51.02,9/15/2021,132.32,9/15/2021,42.97,9/15/2021,131.09,12/13/2021,14.69,9/15/2021,97.77,9/15/2021,58.84,9/15/2021,25.66,9/28/2021,49.32,9/15/2021,57.28,
9/16/2021,231.25,9/16/2021,14.77,9/16/2021,221.43,9/16/2021,50.44,9/16/2021,130.04,9/16/2021,42.58,9/16/2021,133.07,12/14/2021,13.87,9/16/2021,97.37,9/16/2021,58.39,9/16/2021,25.3,9/29/2021,52.67,9/16/2021,56.26,
9/17/2021,226.85,9/17/2021,15.07,9/17/2021,214.68,9/17/2021,49.88,9/17/2021,130.12,9/17/2021,41.87,9/17/2021,132.05,12/15/2021,13.16,9/17/2021,95.19,9/17/2021,58.18,9/17/2021,24.86,9/30/2021,54.46,9/17/2021,55.36,
9/20/2021,215.48,9/20/2021,15.41,9/20/2021,212.43,9/20/2021,48.63,9/20/2021,124.8,9/20/2021,41.49,9/20/2021,128.76,12/16/2021,12.3,9/20/2021,94.52,9/20/2021,58.53,9/20/2021,23.26,10/1/2021,54.13,9/20/2021,53.88,
9/21/2021,216.49,9/21/2021,14.97,9/21/2021,210.53,9/21/2021,48.11,9/21/2021,124.37,9/21/2021,41.4,9/21/2021,129.98,12/17/2021,11.61,9/21/2021,93.31,9/21/2021,57.34,9/21/2021,23.58,10/4/2021,53.2,9/21/2021,54.03,
9/22/2021,223.28,9/22/2021,15.16,9/22/2021,213.39,9/22/2021,48.56,9/22/2021,125.47,9/22/2021,41.94,9/22/2021,133.59,12/20/2021,11.4,9/22/2021,94.04,9/22/2021,59.22,9/22/2021,24.53,10/5/2021,53.66,9/22/2021,54.56,
9/23/2021,229.15,9/23/2021,15.17,9/23/2021,218.51,9/23/2021,50.25,9/23/2021,125.99,9/23/2021,42.41,9/23/2021,134.83,12/21/2021,12.36,9/23/2021,94.49,9/23/2021,60.7,9/23/2021,24.64,10/6/2021,52.6,9/23/2021,55.87,
9/24/2021,226.4,9/24/2021,14.98,9/24/2021,216.94,9/24/2021,50.05,9/24/2021,126.48,9/24/2021,42.31,9/24/2021,132.46,12/22/2021,12.67,9/24/2021,94.14,9/24/2021,60.07,9/24/2021,23.96,10/7/2021,54.85,9/24/2021,55.32,
9/27/2021,222.25,9/27/2021,15.46,9/27/2021,217.07,9/27/2021,51.35,9/27/2021,126.65,9/27/2021,43.46,9/27/2021,130.45,12/23/2021,13.5,9/27/2021,95.44,9/27/2021,62.25,9/27/2021,23.86,10/8/2021,54.07,9/27/2021,53.63,
9/28/2021,216.45,9/28/2021,15.04,9/28/2021,212.52,9/28/2021,50.75,9/28/2021,124.83,9/28/2021,43.04,9/28/2021,123.65,12/27/2021,13.08,9/28/2021,93.9,9/28/2021,60.93,9/28/2021,23.08,10/11/2021,57.36,9/28/2021,52.89,
9/29/2021,218.97,9/29/2021,15.2,9/29/2021,212.84,9/29/2021,51.47,9/29/2021,122.72,9/29/2021,42.86,9/29/2021,126.07,12/28/2021,12.85,9/29/2021,93.24,9/29/2021,59.7,9/29/2021,22.75,10/12/2021,57.94,9/29/2021,53.75,
9/30/2021,218.97,9/30/2021,15.05,9/30/2021,207.21,9/30/2021,50.12,9/30/2021,123.23,9/30/2021,42.08,9/30/2021,125.9,12/29/2021,12.18,9/30/2021,91.56,9/30/2021,59.39,9/30/2021,23.11,10/13/2021,60.1,9/30/2021,53.72,
10/1/2021,218.89,10/1/2021,15.45,10/1/2021,209.65,10/1/2021,51.69,10/1/2021,125.32,10/1/2021,43.5,10/1/2021,124.86,12/30/2021,11.64,10/1/2021,92.25,10/1/2021,60.87,10/1/2021,23.71,10/14/2021,62.49,10/1/2021,54.02,
10/4/2021,215.21,10/4/2021,15.1,10/4/2021,207.94,10/4/2021,51.21,10/4/2021,122.03,10/4/2021,42.55,10/4/2021,120.15,12/31/2021,11.44,10/4/2021,90.88,10/4/2021,62.18,10/4/2021,22.81,10/15/2021,60.9,10/4/2021,52.8,
10/5/2021,222.39,10/5/2021,15.17,10/5/2021,210.97,10/5/2021,51.38,10/5/2021,123.43,10/5/2021,43.46,10/5/2021,121.17,1/3/2022,11.5,10/5/2021,92.77,10/5/2021,62.72,10/5/2021,23.51,10/18/2021,62.04,10/5/2021,54.01,
10/6/2021,222.37,10/6/2021,15.11,10/6/2021,210.31,10/6/2021,50.96,10/6/2021,121.51,10/6/2021,42,10/6/2021,120.36,1/4/2022,11.31,10/6/2021,89.59,10/6/2021,60.54,10/6/2021,23.2,10/19/2021,62.38,10/6/2021,51.77,
10/7/2021,222.3,10/7/2021,15.31,10/7/2021,213.33,10/7/2021,52.34,10/7/2021,122.27,10/7/2021,42.49,10/7/2021,121.75,1/5/2022,10.6,10/7/2021,89.87,10/7/2021,62.29,10/7/2021,23.88,10/20/2021,60.74,10/7/2021,51.62,
10/8/2021,215.06,10/8/2021,15.14,10/8/2021,206.77,10/8/2021,51.77,10/8/2021,120.95,10/8/2021,42.78,10/8/2021,121.18,1/6/2022,10.03,10/8/2021,89.07,10/8/2021,61.95,10/8/2021,23.09,10/21/2021,58.79,10/8/2021,51.58,
10/11/2021,214.16,10/11/2021,15.15,10/11/2021,206.01,10/11/2021,51.78,10/11/2021,120.82,10/11/2021,42.46,10/11/2021,122.55,1/7/2022,9.55,10/11/2021,88.25,10/11/2021,62.33,10/11/2021,24.02,10/22/2021,55.71,10/11/2021,52.87,
10/12/2021,216.87,10/12/2021,15.21,10/12/2021,205.68,10/12/2021,51.8,10/12/2021,119.55,10/12/2021,41.95,10/12/2021,121.67,1/10/2022,9.15,10/12/2021,87.81,10/12/2021,62.64,10/12/2021,25.43,10/25/2021,62.5,10/12/2021,53.54,
10/13/2021,223.66,10/13/2021,15.38,10/13/2021,205.42,10/13/2021,51.5,10/13/2021,120.74,10/13/2021,42.24,10/13/2021,121.11,1/11/2022,9.27,10/13/2021,88.4,10/13/2021,62,10/13/2021,26.32,10/26/2021,63.95,10/13/2021,53.31,
10/14/2021,231.33,10/14/2021,15.68,10/14/2021,207.73,10/14/2021,52.83,10/14/2021,124.65,10/14/2021,43.37,10/14/2021,127.9,1/12/2022,9.04,10/14/2021,91.53,10/14/2021,61.23,10/14/2021,26.41,10/27/2021,62.61,10/14/2021,54.25,
10/15/2021,228.77,10/15/2021,15.82,10/15/2021,209.75,10/15/2021,53.11,10/15/2021,126.65,10/15/2021,43.51,10/15/2021,129.98,1/13/2022,8.6,10/15/2021,92.45,10/15/2021,61.32,10/15/2021,26.5,10/28/2021,65.49,10/15/2021,54.23,
10/18/2021,236.91,10/18/2021,15.78,10/18/2021,209.52,10/18/2021,53.3,10/18/2021,128.12,10/18/2021,43.28,10/18/2021,129.66,1/14/2022,8,10/18/2021,92.05,10/18/2021,60.18,10/18/2021,26.76,10/29/2021,62.34,10/18/2021,55.22,
10/19/2021,235.95,10/19/2021,15.7,10/19/2021,211.28,10/19/2021,53.27,10/19/2021,129.3,10/19/2021,43.63,10/19/2021,129.25,1/18/2022,7.65,10/19/2021,92.18,10/19/2021,58.62,10/19/2021,25.68,11/1/2021,64.99,10/19/2021,54.69,
10/20/2021,235.17,10/20/2021,15.7,10/20/2021,214.67,10/20/2021,53.83,10/20/2021,129.7,10/20/2021,44.13,10/20/2021,130.83,1/19/2022,7.28,10/20/2021,92.93,10/20/2021,58.56,10/20/2021,26.04,11/2/2021,64.35,10/20/2021,54.78,
10/21/2021,234.16,10/21/2021,15.71,10/21/2021,216.37,10/21/2021,53.79,10/21/2021,130.09,10/21/2021,42.71,10/21/2021,133.87,1/20/2022,6.91,10/21/2021,93.64,10/21/2021,57.24,10/21/2021,25.68,11/3/2021,64.6,10/21/2021,53.42,
10/22/2021,231.51,10/22/2021,15.75,10/22/2021,217.5,10/22/2021,53.69,10/22/2021,127.98,10/22/2021,42.75,10/22/2021,137.28,1/21/2022,6.62,10/22/2021,92.97,10/22/2021,57.87,10/22/2021,25.21,11/4/2021,66.39,10/22/2021,52.41,
10/25/2021,239.44,10/25/2021,15.9,10/25/2021,218.02,10/25/2021,54.42,10/25/2021,128.46,10/25/2021,42.52,10/25/2021,136.13,1/24/2022,6.02,10/25/2021,93.24,10/25/2021,56.99,10/25/2021,25.8,11/5/2021,63.95,10/25/2021,52.64,
10/26/2021,236.16,10/26/2021,15.82,10/26/2021,211.9,10/26/2021,54.26,10/26/2021,126.34,10/26/2021,42.71,10/26/2021,132.85,1/25/2022,5.88,10/26/2021,92.7,10/26/2021,56.9,10/26/2021,25.81,11/8/2021,64.68,10/26/2021,56.18,
10/27/2021,231.75,10/27/2021,15.4,10/27/2021,208.18,10/27/2021,52.36,10/27/2021,121.76,10/27/2021,42.11,10/27/2021,135.03,1/26/2022,5.51,10/27/2021,91.59,10/27/2021,55.68,10/27/2021,24.92,11/9/2021,63.94,10/27/2021,53.78,
10/28/2021,246.21,10/28/2021,15.48,10/28/2021,215.29,10/28/2021,53.5,10/28/2021,124.09,10/28/2021,43.04,10/28/2021,138.71,1/27/2022,5.01,10/28/2021,92.82,10/28/2021,56.32,10/28/2021,26.98,11/10/2021,58.34,10/28/2021,53.95,
10/29/2021,250.47,10/29/2021,15.58,10/29/2021,217.72,10/29/2021,53.35,10/29/2021,128.37,10/29/2021,43.15,10/29/2021,140.78,1/28/2022,5.06,10/29/2021,91.01,10/29/2021,56.74,10/29/2021,28.22,11/11/2021,62.97,10/29/2021,54.89,
11/1/2021,255.87,11/1/2021,15.65,11/1/2021,219.24,11/1/2021,54.53,11/1/2021,134.22,11/1/2021,43.01,11/1/2021,142.91,1/31/2022,5.45,11/1/2021,93.47,11/1/2021,58.98,11/1/2021,29.13,11/12/2021,64.25,11/1/2021,56.88,
11/2/2021,260.02,11/2/2021,15.63,11/2/2021,216.18,11/2/2021,55.61,11/2/2021,136.4,11/2/2021,42.84,11/2/2021,144.24,2/1/2022,5.56,11/2/2021,93.42,11/2/2021,58.8,11/2/2021,30.01,11/15/2021,61.62,11/2/2021,61.24,
11/3/2021,261.95,11/3/2021,16.23,11/3/2021,217.24,11/3/2021,56.77,11/3/2021,139.25,11/3/2021,44.81,11/3/2021,146.12,2/2/2022,5.29,11/3/2021,105.21,11/3/2021,58.67,11/3/2021,30.21,11/16/2021,62.42,11/3/2021,61.26,
11/4/2021,272.66,11/4/2021,16.23,11/4/2021,218.35,11/4/2021,56.01,11/4/2021,140.49,11/4/2021,47.4,11/4/2021,148.44,2/3/2022,4.96,11/4/2021,104.35,11/4/2021,58.02,11/4/2021,30.91,11/17/2021,59.88,11/4/2021,66.22,
11/5/2021,272.51,11/5/2021,16.87,11/5/2021,226.42,11/5/2021,58.28,11/5/2021,141.71,11/5/2021,47.6,11/5/2021,145.34,2/4/2022,5.3,11/5/2021,106.63,11/5/2021,62.35,11/5/2021,23.09,11/18/2021,57.84,11/5/2021,64.66,
11/8/2021,278.52,11/8/2021,17.16,11/8/2021,226.48,11/8/2021,59.07,11/8/2021,138.56,11/8/2021,46.54,11/8/2021,147.95,2/7/2022,5.2,11/8/2021,105.07,11/8/2021,61.61,11/8/2021,32.43,11/19/2021,60.15,11/8/2021,66.35,
11/9/2021,274.57,11/9/2021,17.59,11/9/2021,227.13,11/9/2021,57.53,11/9/2021,140.21,11/9/2021,46.54,11/9/2021,148.47,2/8/2022,5.46,11/9/2021,106.99,11/9/2021,62,11/9/2021,31.44,11/22/2021,62,11/9/2021,65.77,
11/10/2021,265.75,11/10/2021,17.68,11/10/2021,222.59,11/10/2021,57.12,11/10/2021,137.45,11/10/2021,47.68,11/10/2021,145.18,2/9/2022,5.82,11/10/2021,105.81,11/10/2021,62.05,11/10/2021,30.54,11/23/2021,61,11/10/2021,64.31,
11/11/2021,272.31,11/11/2021,17.74,11/11/2021,221.85,11/11/2021,58.05,11/11/2021,139.73,11/11/2021,47.69,11/11/2021,149.87,2/10/2022,5.38,11/11/2021,105.68,11/11/2021,61.84,11/11/2021,30.48,11/24/2021,58.91,11/11/2021,66.06,
11/12/2021,276.4,11/12/2021,17.37,11/12/2021,225.19,11/12/2021,58.27,11/12/2021,144.94,11/12/2021,48.7,11/12/2021,149.76,2/11/2022,4.95,11/12/2021,106.09,11/12/2021,62.2,11/12/2021,31.3,11/26/2021,58.3,11/12/2021,66.01,
11/15/2021,271.29,11/15/2021,17.12,11/15/2021,224.59,11/15/2021,58.38,11/15/2021,149.3,11/15/2021,48.37,11/15/2021,149.97,2/14/2022,4.75,11/15/2021,106.35,11/15/2021,63.17,11/15/2021,29.93,11/29/2021,60.12,11/15/2021,65.46,
11/16/2021,272.47,11/16/2021,16.65,11/16/2021,225.22,11/16/2021,58,11/16/2021,145.31,11/16/2021,48.43,11/16/2021,153.12,2/15/2022,5.12,11/16/2021,105.37,11/16/2021,61.34,11/16/2021,29.75,11/30/2021,60,11/16/2021,63.92,
11/17/2021,273.39,11/17/2021,16.39,11/17/2021,222.92,11/17/2021,58.32,11/17/2021,145.45,11/17/2021,48.35,11/17/2021,152.67,2/16/2022,5.2,11/17/2021,104.98,11/17/2021,62.09,11/17/2021,29.8,12/1/2021,55.36,11/17/2021,64.11,
11/18/2021,274.66,11/18/2021,16.1,11/18/2021,219.78,11/18/2021,58.89,11/18/2021,145.21,11/18/2021,48.67,11/18/2021,153.82,2/17/2022,4.73,11/18/2021,105.08,11/18/2021,62.71,11/18/2021,29.84,12/2/2021,57.91,11/18/2021,63.02,
11/19/2021,281.43,11/19/2021,15.94,11/19/2021,218.52,11/19/2021,59.26,11/19/2021,144.08,11/19/2021,47.81,11/19/2021,154.01,2/18/2022,4.6,11/19/2021,104.05,11/19/2021,59.28,11/19/2021,30.17,12/3/2021,53.81,11/19/2021,62.67,
11/22/2021,283.8,11/22/2021,15.84,11/22/2021,218.97,11/22/2021,59.68,11/22/2021,140.26,11/22/2021,47.55,11/22/2021,151.52,2/22/2022,4.21,11/22/2021,104.19,11/22/2021,58.75,11/22/2021,30.95,12/6/2021,54.84,11/22/2021,67.12,
11/23/2021,275.16,11/23/2021,15.67,11/23/2021,221.45,11/23/2021,59.66,11/23/2021,139.45,11/23/2021,47.9,11/23/2021,150.09,2/23/2022,3.98,11/23/2021,104.91,11/23/2021,59.26,11/23/2021,30.02,12/7/2021,58.77,11/23/2021,66.59,
11/24/2021,274.48,11/24/2021,15.43,11/24/2021,218.85,11/24/2021,58.34,11/24/2021,137.4,11/24/2021,47.57,11/24/2021,151.55,2/24/2022,4.5,11/24/2021,104.12,11/24/2021,58.97,11/24/2021,30.74,12/8/2021,62.1,11/24/2021,65.68,
11/26/2021,266.85,11/26/2021,15.12,11/26/2021,213.95,11/26/2021,55.83,11/26/2021,132.88,11/26/2021,46.83,11/26/2021,149.01,2/25/2022,4.46,11/26/2021,102.64,11/26/2021,53.24,11/26/2021,29.46,12/9/2021,59.33,11/26/2021,64.47,
11/29/2021,275.89,11/29/2021,15.09,11/29/2021,215.53,11/29/2021,54.39,11/29/2021,137.99,11/29/2021,46.59,11/29/2021,154.75,2/28/2022,5.19,11/29/2021,103.54,11/29/2021,53.03,11/29/2021,31.31,12/10/2021,58.61,11/29/2021,64.04,
11/30/2021,266.49,11/30/2021,14.31,11/30/2021,205.07,11/30/2021,52.48,11/30/2021,132.8,11/30/2021,45,11/30/2021,146.08,3/1/2022,5,11/30/2021,100.19,11/30/2021,51.38,11/30/2021,30.29,12/13/2021,57.06,11/30/2021,62.26,
12/1/2021,259.85,12/1/2021,14.22,12/1/2021,202.71,12/1/2021,50.97,12/1/2021,133.66,12/1/2021,44.66,12/1/2021,148.66,3/2/2022,4.99,12/1/2021,100.17,12/1/2021,49.04,12/1/2021,28.5,12/14/2021,54.26,12/1/2021,60.77,
12/2/2021,261.39,12/2/2021,14.61,12/2/2021,209.18,12/2/2021,53.48,12/2/2021,136.53,12/2/2021,46.19,12/2/2021,153.25,3/3/2022,4.89,12/2/2021,103.53,12/2/2021,51.46,12/2/2021,28.88,12/15/2021,54.16,12/2/2021,60.25,
12/3/2021,251.47,12/3/2021,14.84,12/3/2021,205.66,12/3/2021,55.46,12/3/2021,136.65,12/3/2021,46.04,12/3/2021,148.04,3/4/2022,4.63,12/3/2021,103.69,12/3/2021,50.07,12/3/2021,27.85,12/16/2021,53.86,12/3/2021,57.57,
12/6/2021,248.54,12/6/2021,14.96,12/6/2021,211.01,12/6/2021,56,12/6/2021,141.18,12/6/2021,47.1,12/6/2021,145.29,3/7/2022,4.45,12/6/2021,105.56,12/6/2021,52.72,12/6/2021,27.2,12/17/2021,53.46,12/6/2021,56.38,
12/7/2021,259.53,12/7/2021,15.08,12/7/2021,215.21,12/7/2021,56.06,12/7/2021,148.63,12/7/2021,47.75,12/7/2021,153.2,3/8/2022,4.98,12/7/2021,107.1,12/7/2021,52.53,12/7/2021,27.2,12/20/2021,51.16,12/7/2021,58.26,
12/8/2021,264.64,12/8/2021,15.31,12/8/2021,215.51,12/8/2021,56.4,12/8/2021,148.94,12/8/2021,48.11,12/8/2021,152.96,3/9/2022,4.91,12/8/2021,108.77,12/8/2021,53.2,12/8/2021,28.62,12/21/2021,53.28,12/8/2021,58.79,
12/9/2021,257.47,12/9/2021,15.13,12/9/2021,211.55,12/9/2021,55.8,12/9/2021,145.68,12/9/2021,48.03,12/9/2021,146.65,3/10/2022,4.78,12/9/2021,107.44,12/9/2021,52.12,12/9/2021,26.73,12/22/2021,52.53,12/9/2021,57.36,
12/10/2021,262.87,12/10/2021,15.03,12/10/2021,212.63,12/10/2021,56.15,12/10/2021,148.93,12/10/2021,47.96,12/10/2021,146.89,3/11/2022,4.61,12/10/2021,108.17,12/10/2021,51.79,12/10/2021,27.37,12/23/2021,52.82,12/10/2021,57.51,
12/13/2021,248.8,12/13/2021,14.98,12/13/2021,210.63,12/13/2021,54.78,12/13/2021,144.99,12/13/2021,46.63,12/13/2021,142.28,3/14/2022,4.27,12/13/2021,105.03,12/13/2021,50.39,12/13/2021,27.02,12/27/2021,54.64,12/13/2021,55.73,
12/14/2021,243.83,12/14/2021,14.86,12/14/2021,208.32,12/14/2021,55.08,12/14/2021,145.97,12/14/2021,46.31,12/14/2021,143.22,,,12/14/2021,104.61,12/14/2021,49.36,12/14/2021,25.37,12/28/2021,51.81,12/14/2021,54.15,
12/15/2021,239.79,12/15/2021,15.13,12/15/2021,210.87,12/15/2021,55.68,12/15/2021,195.5,12/15/2021,46.09,12/15/2021,142.54,,,12/15/2021,105.7,12/15/2021,49.25,12/15/2021,25.52,12/29/2021,50.86,12/15/2021,55.26,
12/16/2021,230.92,12/16/2021,15.08,12/16/2021,210.87,12/16/2021,54.99,12/16/2021,186.31,12/16/2021,46.98,12/16/2021,133.43,,,12/16/2021,104.97,12/16/2021,47.83,12/16/2021,24.11,12/30/2021,53.54,12/16/2021,56.4,
12/17/2021,229.87,12/17/2021,14.97,12/17/2021,206.89,12/17/2021,53.76,12/17/2021,187.05,12/17/2021,46.08,12/17/2021,132.96,,,12/17/2021,103.98,12/17/2021,48.48,12/17/2021,23.59,12/31/2021,52.46,12/17/2021,55.91,
12/20/2021,218.13,12/20/2021,14.66,12/20/2021,202.38,12/20/2021,51.91,12/20/2021,184.85,12/20/2021,44.76,12/20/2021,129.84,,,12/20/2021,102.24,12/20/2021,47.97,12/20/2021,22.18,1/3/2022,54.18,12/20/2021,47.38,
12/21/2021,224.15,12/21/2021,15.22,12/21/2021,208.24,12/21/2021,53.5,12/21/2021,186.42,12/21/2021,45.82,12/21/2021,132.96,,,12/21/2021,105.78,12/21/2021,50.75,12/21/2021,23.79,1/4/2022,56,12/21/2021,49.15,
12/22/2021,225.23,12/22/2021,15.35,12/22/2021,207.15,12/22/2021,54.07,12/22/2021,187.49,12/22/2021,45.93,12/22/2021,133.47,,,12/22/2021,107.5,12/22/2021,50.6,12/22/2021,24.24,1/5/2022,51.64,12/22/2021,49.41,
12/23/2021,227.9,12/23/2021,15.35,12/23/2021,208.47,12/23/2021,54.58,12/23/2021,189.98,12/23/2021,46.44,12/23/2021,136.78,,,12/23/2021,109.12,12/23/2021,51.38,12/23/2021,24.99,1/6/2022,52.04,12/23/2021,50.13,
12/27/2021,233.1,12/27/2021,15.83,12/27/2021,212.5,12/27/2021,55.56,12/27/2021,193.88,12/27/2021,47.01,12/27/2021,140.94,,,12/27/2021,108.95,12/27/2021,52,12/27/2021,25.78,1/7/2022,50.67,12/27/2021,51.31,
12/28/2021,232.8,12/28/2021,15.96,12/28/2021,214.79,12/28/2021,55.58,12/28/2021,193.78,12/28/2021,47.38,12/28/2021,139.51,,,12/28/2021,109.57,12/28/2021,51.94,12/28/2021,24.98,1/10/2022,52.06,12/28/2021,51.28,
12/29/2021,232.53,12/29/2021,16.24,12/29/2021,217.11,12/29/2021,55.94,12/29/2021,192,12/29/2021,47.35,12/29/2021,138.9,,,12/29/2021,109.4,12/29/2021,52.03,12/29/2021,24.84,1/11/2022,54.39,12/29/2021,51.23,
12/30/2021,234.35,12/30/2021,16.22,12/30/2021,215.28,12/30/2021,55.5,12/30/2021,190.57,12/30/2021,47.12,12/30/2021,138.24,,,12/30/2021,109.39,12/30/2021,51.89,12/30/2021,24.77,1/12/2022,53.99,12/30/2021,51.8,
12/31/2021,233.77,12/31/2021,16.39,12/31/2021,216.57,12/31/2021,56.2,12/31/2021,191.69,12/31/2021,47.28,12/31/2021,138.58,,,12/31/2021,109.89,12/31/2021,51.8,12/31/2021,24.38,1/13/2022,52.87,12/31/2021,50.43,
1/3/2022,236.67,1/3/2022,16.22,1/3/2022,210.81,1/3/2022,57.1,1/3/2022,191.5,1/3/2022,46.9,1/3/2022,138.39,,,1/3/2022,110.15,1/3/2022,53.75,1/3/2022,25.52,1/14/2022,52.58,1/3/2022,50.73,
1/4/2022,242.58,1/4/2022,16.22,1/4/2022,215.92,1/4/2022,58.47,1/4/2022,191.83,1/4/2022,47.77,1/4/2022,139.22,,,1/4/2022,111.21,1/4/2022,55.27,1/4/2022,26.43,1/18/2022,51.09,1/4/2022,49.1,
1/5/2022,235.64,1/5/2022,16.2,1/5/2022,213.98,1/5/2022,57.98,1/5/2022,189.83,1/5/2022,47.24,1/5/2022,132.09,,,1/5/2022,109,1/5/2022,53.83,1/5/2022,24.2,1/19/2022,51.01,1/5/2022,47.66,
1/6/2022,233.38,1/6/2022,15.97,1/6/2022,214.01,1/6/2022,57.99,1/6/2022,189.99,1/6/2022,47.9,1/6/2022,134.97,,,1/6/2022,107.9,1/6/2022,54.43,1/6/2022,23.73,1/20/2022,50.1,1/6/2022,49.06,
1/7/2022,236.02,1/7/2022,16.02,1/7/2022,213.24,1/7/2022,58.51,1/7/2022,189.46,1/7/2022,48.42,1/7/2022,132.01,,,1/7/2022,108.21,1/7/2022,54.7,1/7/2022,23.8,1/21/2022,46.67,1/7/2022,49.96,
1/10/2022,226.97,1/10/2022,16.07,1/10/2022,207.46,1/10/2022,58.2,1/10/2022,188.94,1/10/2022,47.39,1/10/2022,133.91,,,1/10/2022,107.4,1/10/2022,55.75,1/10/2022,23.48,1/24/2022,44.82,1/10/2022,48.36,
1/11/2022,240.17,1/11/2022,16.21,1/11/2022,211.69,1/11/2022,58.8,1/11/2022,188.22,1/11/2022,48.41,1/11/2022,135.09,,,1/11/2022,109.39,1/11/2022,56.33,1/11/2022,24.73,1/25/2022,44.57,1/11/2022,51.87,
1/12/2022,241.07,1/12/2022,16.21,1/12/2022,212.84,1/12/2022,58.84,1/12/2022,187.92,1/12/2022,48.86,1/12/2022,135.16,,,1/12/2022,111.24,1/12/2022,56,1/12/2022,25.39,1/26/2022,44.83,1/12/2022,55.63,
1/13/2022,235.23,1/13/2022,16.21,1/13/2022,211.51,1/13/2022,59.87,1/13/2022,187.47,1/13/2022,48.9,1/13/2022,131.82,,,1/13/2022,113.49,1/13/2022,56.26,1/13/2022,24.52,1/27/2022,44.56,1/13/2022,55.55,
1/14/2022,233.67,1/14/2022,16.17,1/14/2022,209.08,1/14/2022,61.06,1/14/2022,187.65,1/14/2022,48.6,1/14/2022,133.62,,,1/14/2022,114.1,1/14/2022,57.05,1/14/2022,24.58,1/28/2022,44.28,1/14/2022,56.55,
1/18/2022,226.3,1/18/2022,16.06,1/18/2022,206.87,1/18/2022,60.04,1/18/2022,183.97,1/18/2022,48.14,1/18/2022,127.48,,,1/18/2022,110.71,1/18/2022,56.16,1/18/2022,23.72,1/31/2022,48.38,1/18/2022,56.43,
1/19/2022,219.69,1/19/2022,16.03,1/19/2022,206.25,1/19/2022,58.08,1/19/2022,183.78,1/19/2022,47.22,1/19/2022,127.42,,,1/19/2022,111.05,1/19/2022,54.99,1/19/2022,23.11,2/1/2022,48.91,1/19/2022,57.47,
1/20/2022,217.15,1/20/2022,15.73,1/20/2022,203.06,1/20/2022,56.41,1/20/2022,181.95,1/20/2022,46.54,1/20/2022,123.94,,,1/20/2022,109.29,1/20/2022,54.83,1/20/2022,22.74,2/2/2022,47.85,1/20/2022,55.97,
1/21/2022,212.75,1/21/2022,15.72,1/21/2022,200.76,1/21/2022,55.63,1/21/2022,180,1/21/2022,45.44,1/21/2022,120.23,,,1/21/2022,108.85,1/21/2022,52.49,1/21/2022,21.91,2/3/2022,45.4,1/21/2022,54.61,
1/24/2022,211.92,1/24/2022,15.59,1/24/2022,200.37,1/24/2022,55.82,1/24/2022,180.84,1/24/2022,46.07,1/24/2022,122.85,,,1/24/2022,107.4,1/24/2022,53.14,1/24/2022,22.56,2/4/2022,48.83,1/24/2022,53.29,
1/25/2022,206.01,1/25/2022,15.51,1/25/2022,195.68,1/25/2022,55.5,1/25/2022,176.32,1/25/2022,46.05,1/25/2022,116.24,,,1/25/2022,107.62,1/25/2022,52.58,1/25/2022,21.99,2/7/2022,47.64,1/25/2022,53.49,
1/26/2022,205.62,1/26/2022,14.91,1/26/2022,195.27,1/26/2022,54.7,1/26/2022,176.4,1/26/2022,46.01,1/26/2022,116.44,,,1/26/2022,107.35,1/26/2022,51.37,1/26/2022,21.74,2/8/2022,49.49,1/26/2022,52.09,
1/27/2022,205.43,1/27/2022,15.09,1/27/2022,196.37,1/27/2022,54.25,1/27/2022,173.76,1/27/2022,46.84,1/27/2022,109.73,,,1/27/2022,108.09,1/27/2022,49.3,1/27/2022,21.14,2/9/2022,50.96,1/27/2022,51.58,
1/28/2022,206.23,1/28/2022,15.09,1/28/2022,199.5,1/28/2022,55.62,1/28/2022,174.19,1/28/2022,47.46,1/28/2022,111.49,,,1/28/2022,108.5,1/28/2022,50.25,1/28/2022,21.1,2/10/2022,49.94,1/28/2022,51.19,
1/31/2022,220.74,1/31/2022,15.17,1/31/2022,205.42,1/31/2022,54.99,1/31/2022,180.88,1/31/2022,48.08,1/31/2022,119.84,,,1/31/2022,110.37,1/31/2022,52.17,1/31/2022,23.01,2/11/2022,50.13,1/31/2022,54.15,
2/1/2022,225.2,2/1/2022,15.24,2/1/2022,206.39,2/1/2022,62.19,2/1/2022,185.76,2/1/2022,47.93,2/1/2022,128.44,,,2/1/2022,111.55,2/1/2022,53.58,2/1/2022,23.36,2/14/2022,49.49,2/1/2022,56.71,
2/2/2022,221.49,2/2/2022,15.12,2/2/2022,200.7,2/2/2022,63.5,2/2/2022,185.41,2/2/2022,48.13,2/2/2022,132.55,,,2/2/2022,112.65,2/2/2022,53.41,2/2/2022,22.96,2/15/2022,50.52,2/2/2022,54.71,
2/3/2022,215.06,2/3/2022,14.71,2/3/2022,193.13,2/3/2022,62.13,2/3/2022,182.54,2/3/2022,48.53,2/3/2022,126.11,,,2/3/2022,110.7,2/3/2022,52.36,2/3/2022,22.05,2/16/2022,51.96,2/3/2022,52.73,
2/4/2022,216.02,2/4/2022,14.66,2/4/2022,189.31,2/4/2022,62.45,2/4/2022,183.36,2/4/2022,50.25,2/4/2022,128.56,,,2/4/2022,110.23,2/4/2022,52.47,2/4/2022,22.25,2/17/2022,50.35,2/4/2022,53.27,
2/7/2022,219.78,2/7/2022,14.61,2/7/2022,181.47,2/7/2022,63.81,2/7/2022,182.94,2/7/2022,49.55,2/7/2022,127.44,,,2/7/2022,108.22,2/7/2022,53.96,2/7/2022,22.72,2/18/2022,48.69,2/7/2022,55.6,
2/8/2022,226.69,2/8/2022,15.03,2/8/2022,184.34,2/8/2022,68.22,2/8/2022,184.51,2/8/2022,50.37,2/8/2022,130,,,2/8/2022,111.18,2/8/2022,53.83,2/8/2022,23.62,2/22/2022,46.82,2/8/2022,56.63,
2/9/2022,236.43,2/9/2022,15.03,2/9/2022,188.83,2/9/2022,69.26,2/9/2022,186.39,2/9/2022,51.54,2/9/2022,133.59,,,2/9/2022,117.38,2/9/2022,54.44,2/9/2022,24.49,2/23/2022,46.04,2/9/2022,58.82,
2/10/2022,236.04,2/10/2022,14.81,2/10/2022,186.74,2/10/2022,70.1,2/10/2022,186.38,2/10/2022,50.95,2/10/2022,131.63,,,2/10/2022,117.3,2/10/2022,54.7,2/10/2022,24.03,2/24/2022,49.53,2/10/2022,62.64,
2/11/2022,230.89,2/11/2022,14.86,2/11/2022,183.49,2/11/2022,69.41,2/11/2022,182.02,2/11/2022,51.05,2/11/2022,124.48,,,2/11/2022,117.87,2/11/2022,53.94,2/11/2022,22.99,2/25/2022,52.05,2/11/2022,64.45,
2/14/2022,227.68,2/14/2022,14.9,2/14/2022,181.78,2/14/2022,69.72,2/14/2022,183.2,2/14/2022,50.9,2/14/2022,126.04,,,2/14/2022,115.75,2/14/2022,54.05,2/14/2022,22.86,2/28/2022,52.55,2/14/2022,64.34,
2/15/2022,241.39,2/15/2022,15.05,2/15/2022,184.57,2/15/2022,72.75,2/15/2022,187.54,2/15/2022,50.89,2/15/2022,134.06,,,2/15/2022,117.78,2/15/2022,56.25,2/15/2022,24.37,3/1/2022,52.61,2/15/2022,65.6,
2/16/2022,246,2/16/2022,15.1,2/16/2022,184.67,2/16/2022,74.51,2/16/2022,188.16,2/16/2022,51.46,2/16/2022,135.39,,,2/16/2022,119.59,2/16/2022,57.31,2/16/2022,25.08,3/2/2022,55.99,2/16/2022,66.15,
2/17/2022,197.02,2/17/2022,14.92,2/17/2022,182.7,2/17/2022,73.71,2/17/2022,186.51,2/17/2022,51.27,2/17/2022,133.5,,,2/17/2022,118.11,2/17/2022,55.46,2/17/2022,22.15,3/3/2022,59.38,2/17/2022,62.96,
2/18/2022,190.76,2/18/2022,14.87,2/18/2022,180.87,2/18/2022,74.1,2/18/2022,185.18,2/18/2022,50.7,2/18/2022,130.19,,,2/18/2022,116.89,2/18/2022,54.7,2/18/2022,22.69,3/4/2022,60.43,2/18/2022,61.46,
2/22/2022,191.85,2/22/2022,14.61,2/22/2022,178.47,2/22/2022,72.62,2/22/2022,183.67,2/22/2022,50.67,2/22/2022,126.85,,,2/22/2022,116.16,2/22/2022,54.04,2/22/2022,21.51,3/7/2022,61.06,2/22/2022,60.42,
2/23/2022,182,2/23/2022,14.18,2/23/2022,174.94,2/23/2022,71.97,2/23/2022,182.47,2/23/2022,50.42,2/23/2022,124.37,,,2/23/2022,114.69,2/23/2022,53.17,2/23/2022,21.01,3/8/2022,63.18,2/23/2022,59.81,
2/24/2022,184.2,2/24/2022,14.21,2/24/2022,174.28,2/24/2022,72.1,2/24/2022,186.25,2/24/2022,50.05,2/24/2022,132.19,,,2/24/2022,114.9,2/24/2022,54.42,2/24/2022,21.93,3/9/2022,68.01,2/24/2022,60.86,
2/25/2022,191.95,2/25/2022,14.72,2/25/2022,180.32,2/25/2022,74.07,2/25/2022,186.5,2/25/2022,51.84,2/25/2022,133.34,,,2/25/2022,117.97,2/25/2022,56.98,2/25/2022,23.09,3/10/2022,70.92,2/25/2022,64.4,
2/28/2022,195.89,2/28/2022,15.07,2/28/2022,176.2,2/28/2022,73.16,2/28/2022,185.43,2/28/2022,52.03,2/28/2022,130.48,,,2/28/2022,117.25,2/28/2022,57.9,2/28/2022,23.55,3/11/2022,70.85,2/28/2022,66.18,
3/1/2022,186.44,3/1/2022,14.89,3/1/2022,166.94,3/1/2022,72,3/1/2022,181.98,3/1/2022,50.37,3/1/2022,123.04,,,3/1/2022,116.09,3/1/2022,55.03,3/1/2022,22.35,3/14/2022,63.08,3/1/2022,63.99,
3/2/2022,191.12,3/2/2022,15.19,3/2/2022,171.99,3/2/2022,73.23,3/2/2022,183.35,3/2/2022,51.3,3/2/2022,126,,,3/2/2022,119.56,3/2/2022,57.08,3/2/2022,22.13,,,3/2/2022,65.86,
3/3/2022,186.33,3/3/2022,15.43,3/3/2022,171.36,3/3/2022,72.67,3/3/2022,181.6,3/3/2022,51.52,3/3/2022,122.78,,,3/3/2022,120.65,3/3/2022,55.96,3/3/2022,21.1,,,3/3/2022,73.6,
3/4/2022,179.07,3/4/2022,15.37,3/4/2022,167.59,3/4/2022,71.89,3/4/2022,178.3,3/4/2022,51.48,3/4/2022,116.31,,,3/4/2022,121.28,3/4/2022,54.02,3/4/2022,20.33,,,3/4/2022,78.15,
3/7/2022,172.09,3/7/2022,16.35,3/7/2022,158.58,3/7/2022,67.99,3/7/2022,178.48,3/7/2022,51.22,3/7/2022,114.99,,,3/7/2022,118.91,3/7/2022,50.58,3/7/2022,19.86,,,3/7/2022,72.07,
3/8/2022,180.74,3/8/2022,16.67,3/8/2022,158.92,3/8/2022,68.76,3/8/2022,180.17,3/8/2022,50.08,3/8/2022,119.69,,,3/8/2022,117.46,3/8/2022,52.23,3/8/2022,22.3,,,3/8/2022,72.98,
3/9/2022,187.13,3/9/2022,16.78,3/9/2022,165.8,3/9/2022,71.02,3/9/2022,182.71,3/9/2022,51.53,3/9/2022,125.33,,,3/9/2022,120,3/9/2022,55.18,3/9/2022,23.07,,,3/9/2022,75.03,
3/10/2022,188.37,3/10/2022,17.59,3/10/2022,163.65,3/10/2022,71.76,3/10/2022,182.29,3/10/2022,53.59,3/10/2022,123.73,,,3/10/2022,124.42,3/10/2022,55.64,3/10/2022,23.51,,,3/10/2022,77.53,
3/11/2022,184.76,3/11/2022,17.41,3/11/2022,162.38,3/11/2022,70.14,3/11/2022,180.86,3/11/2022,53.65,3/11/2022,120.77,,,3/11/2022,123.27,3/11/2022,55.31,3/11/2022,22.86,,,3/11/2022,74.85,
3/14/2022,176.29,3/14/2022,17.65,3/14/2022,165.93,3/14/2022,70.69,3/14/2022,180.07,3/14/2022,54.21,3/14/2022,119.75,,,3/14/2022,126.01,3/14/2022,53.76,3/14/2022,21.03,,,3/14/2022,70.36,